CCI,NAME,ISOSMILES,InChI
MG,MAGNESIUM ION,[Mg+2],InChI=1S/Mg/q+2
ZN,ZINC ION,[Zn+2],InChI=1S/Zn/q+2
PO4,PHOSPHATE ION,[O-]P(=O)([O-])[O-],"InChI=1S/H3O4P/c1-5(2,3)4/h(H3,1,2,3,4)/p-3"
AG,SILVER ION,[Ag+],InChI=1S/Ag/q+1
SO4,SULFATE ION,[O-]S(=O)(=O)[O-],"InChI=1S/H2O4S/c1-5(2,3)4/h(H2,1,2,3,4)/p-2"
K,POTASSIUM ION,[K+],InChI=1S/K/q+1
,SODIUM ION,[Na+],InChI=1S/Na/q+1
CL,CHLORIDE ION,[Cl-],InChI=1S/ClH/h1H/p-1
CA,CALCIUM ION,[Ca+2],InChI=1S/Ca/q+2
MN,MANGANESE (II) ION,[Mn+2],InChI=1S/Mn/q+2
CD,CADMIUM ION,[Cd+2],InChI=1S/Cd/q+2
AF3,ALUMINUM FLUORIDE,F[Al](F)F,InChI=1S/Al.3FH/h;3*1H/q+3;;;/p-3
PR,PRASEODYMIUM ION,[Pr+3],InChI=1S/Pr/q+3
NI,NICKEL (II) ION,[Ni+2],InChI=1S/Ni/q+2
CU,COPPER (II) ION,[Cu+2],InChI=1S/Cu/q+2
CS,CESIUM ION,[Cs+],InChI=1S/Cs/q+1
PT,PLATINUM (II) ION,[Pt+2],InChI=1S/Pt/q+2
FES,FE2/S2 (INORGANIC) CLUSTER,S1[Fe]S[Fe]1,InChI=1S/2Fe.2S
MOS,DIOXOTHIOMOLYBDENUM(VI) ION,O=[Mo](=O)S,InChI=1S/Mo.2O.H2S/h;;;1H2/q+1;;;/p-1
FE,FE (III) ION,[Fe+3],InChI=1S/Fe/q+3
CO,COBALT (II) ION,[Co+2],InChI=1S/Co/q+2
BR,BROMIDE ION,[Br-],InChI=1S/BrH/h1H/p-1
POP,PYROPHOSPHATE 2-,OP(=O)([O-])OP(=O)(O)[O-],"InChI=1S/H4O7P2/c1-8(2,3)7-9(4,5)6/h(H2,1,2,3)(H2,4,5,6)/p-2"
SF4,IRON/SULFUR CLUSTER,[S]12[Fe]3[S]4[Fe]1[S]5[Fe]2[S]3[Fe]45,InChI=1S/4Fe.4S
F3S,FE3-S4 CLUSTER,S1[Fe]2S[Fe]3[S]2[Fe]1S3,InChI=1S/3Fe.4S
F4S,FE4-S3 CLUSTER,[S]12[Fe][S]3[Fe]1[S]([Fe]2)[Fe]3,InChI=1S/4Fe.3S
UNX,UNKNOWN ATOM OR ION,*,
SF3,FE4-S3 CLUSTER,S1[Fe][S]2[Fe]1[S]([Fe]2)[Fe],InChI=1S/4Fe.3S
3NI,NICKEL (III) ION,[Ni+3],InChI=1S/Ni/q+3
LI,LITHIUM ION,[Li+],InChI=1S/Li/q+1
IOD,IODIDE ION,[I-],InChI=1S/HI/h1H/p-1
FE2,FE (II) ION,[Fe+2],InChI=1S/Fe/q+2
NO3,NITRATE ION,[N+](=O)([O-])[O-],InChI=1S/NO3/c2-1(3)4/q-1
NO2,NITRITE ION,N(=O)[O-],"InChI=1S/HNO2/c2-1-3/h(H,2,3)/p-1"
FEO,MU-OXO-DIIRON,O([Fe])[Fe],InChI=1S/2Fe.O
BA,BARIUM ION,[Ba+2],InChI=1S/Ba/q+2
BO3,BORIC ACID,B(O)(O)O,InChI=1S/BH3O3/c2-1(3)4/h2-4H
GD,GADOLINIUM ATOM,[Gd],InChI=1S/Gd
NO,NITRIC OXIDE,[N]=O,InChI=1S/HNO/c1-2/h1H
HOA,HYDROXYAMINE,NO,"InChI=1S/H3NO/c1-2/h2H,1H2"
SO3,SULFITE ION,[O-]S(=O)[O-],"InChI=1S/H2O3S/c1-4(2)3/h(H2,1,2,3)/p-2"
O,OXYGEN ATOM,O,InChI=1S/H2O/h1H2
OXY,OXYGEN MOLECULE,O=O,InChI=1S/O2/c1-2
AU,GOLD ION,[Au+],InChI=1S/Au/q+1
OH,HYDROXIDE ION,[OH-],InChI=1S/H2O/h1H2/p-1
NH4,AMMONIUM ION,[NH4+],InChI=1S/H3N/h1H3/p+1
HG,MERCURY (II) ION,[Hg+2],InChI=1S/Hg/q+2
AZI,AZIDE ION,[N-]=[N+]=[N-],InChI=1S/N3/c1-3-2/q-1
NCO,COBALT HEXAMMINE(III),[NH3][Co+3]([NH3])([NH3])([NH3])([NH3])[NH3],InChI=1S/Co.6H3N/h;6*1H3/q+3;;;;;;
VO4,VANADATE ION,[O-][V](=O)([O-])[O-],InChI=1S/4O.V/q;3*-1;
RU,RUTHENIUM ION,[Ru+3],InChI=1S/Ru/q+3
ALF,TETRAFLUOROALUMINATE ION,F[Al-](F)(F)F,InChI=1S/Al.4FH/h;4*1H/q+3;;;;/p-4
BEF,BERYLLIUM TRIFLUORIDE ION,[Be-](F)(F)F,InChI=1S/Be.3FH/h;3*1H/q+2;;;/p-3
HDZ,NITROGEN MOLECULE,N#N,InChI=1S/N2/c1-2
THJ,THIOSULFATE,[O-]S(=O)(=O)[S-],"InChI=1S/H2O3S2/c1-5(2,3)4/h(H2,1,2,3,4)/p-2"
PO3,PHOSPHITE ION,[O-][P-](=O)[O-],InChI=1S/O3P/c1-4(2)3/q-3
ART,ARSENATE,[O-][As](=O)([O-])[O-],"InChI=1S/AsH3O4/c2-1(3,4)5/h(H3,2,3,4,5)/p-3"
CFO,CHLORO DIIRON-OXO MOIETY,O([Fe])[Fe]Cl,InChI=1S/ClH.2Fe.O/h1H;;;/q;;+1;/p-1
PT4,PLATINUM (IV) ION,[Pt+4],InChI=1S/Pt/q+4
SR,STRONTIUM ION,[Sr+2],InChI=1S/Sr/q+2
CU1,COPPER (I) ION,[Cu+],InChI=1S/Cu/q+1
FSX,"BIS-(MU-2-OXO),[(MU-3--SULFIDO)-BIS(MU-2--SULFIDO)-TRIS(CYS-S)-TRI-IRON] (AQUA)(GLU-O)IRON(II)",[O][Fe]1O[Fe]23S[Fe]245[S]3[Fe]4(O1)S5,InChI=1S/4Fe.H2O.2O.3S/h;;;;1H2;;;;;/q;;;+1;;;;;;/p-1
H2S,HYDROSULFURIC ACID,S,InChI=1S/H2S/h1H2
IR3,IRIDIUM (III) ION,[Ir+3],InChI=1S/Ir/q+3
SFL,SCANDIUM TETRAFLUORIDE,F[Sc-](F)(F)F,InChI=1S/4FH.Sc/h4*1H;/q;;;;+3/p-4
XE,XENON,[Xe],InChI=1S/Xe
MGF,TRIFLUOROMAGNESATE,F[Mg-](F)F,InChI=1S/3FH.Mg/h3*1H;/q;;;+2/p-3
VN3,VANADATE ION,O=[V-](=O)=O,InChI=1S/3O.V/q;;;-1
VN4,OXIDO(DIOXO)VANADIUM,[O-][V](=O)=O,InChI=1S/3O.V/q;;-1;
FSO,IRON/SULFUR/OXYGEN HYBRID CLUSTER,O1[Fe]O[Fe]2(O[Fe]3[S+]2[Fe]1S3)[S-],InChI=1S/4Fe.3O.3S/q;;;;;;;;-1;+1
WO4,TUNGSTATE(VI)ION,[O-][W](=O)(=O)[O-],InChI=1S/4O.W/q;;2*-1;
VO3,TETRAMETAVANADATE,[O-][V](=O)([O-])O[V](=O)([O-])O[V](=O)([O-])O[V](=O)([O-])[O-],InChI=1S/13O.4V/q;;;;;;;6*-1;;;;
2MO,MOLYBDENUM (IV)OXIDE,O=[Mo]=O,InChI=1S/Mo.2O
F,FLUORIDE ION,[F-],InChI=1S/FH/h1H/p-1
LU,LUTETIUM (III) ION,[Lu+3],InChI=1S/Lu/q+3
PB,LEAD (II) ION,[Pb+2],InChI=1S/Pb/q+2
IUM,URANYL (VI) ION,[O-][U+4][O-],InChI=1S/2O.U/q2*-1;
CUA,DINUCLEAR COPPER ION,[Cu][Cu],InChI=1S/2Cu
SO2,SULFUR DIOXIDE,O=S=O,InChI=1S/O2S/c1-3-2
TE,TELLURIUM,[TeH2],InChI=1S/H2Te/h1H2
MOO,MOLYBDATE ION,[O-][Mo](=O)(=O)[O-],InChI=1S/Mo.4O/q;;;2*-1
6MO,MOLYBDENUM(VI) ION,[Mo+6],InChI=1S/Mo/q+6
NH3,AMMONIA,N,InChI=1S/H3N/h1H3
SM,SAMARIUM (III) ION,[Sm+3],InChI=1S/Sm/q+3
ARS,ARSENIC,[As],InChI=1S/AsH3/h1H3
FEL,HYDRATED FE,[OH2][Fe+3]([OH2])[OH2],InChI=1S/Fe.3H2O/h;3*1H2/q+3;;;
SB,ANTIMONY (III) ION,[Sb+3],InChI=1S/Sb/q+3
SBO,TRIHYDROXYANTIMONITE(III),O[Sb](O)O,InChI=1S/3H2O.Sb/h3*1H2;/q;;;+3/p-3
3PO,TRIPHOSPHATE,OP(=O)(O)OP(=O)(O)OP(=O)(O)O,"InChI=1S/H5O10P3/c1-11(2,3)9-13(7,8)10-12(4,5)6/h(H,7,8)(H2,1,2,3)(H2,4,5,6)"
CE,CERIUM (III) ION,[Ce+3],InChI=1S/Ce/q+3
PON,IMIDO DIPHOSPHATE,N=P(O)([O-])OP(=O)(O)[O-],"InChI=1S/H4NO6P2/c1-8(2,3)7-9(4,5)6/h(H4-,1,2,3,4,5,6)/q-1/p-1"
SE4,SELENATE ION,[O-][Se](=O)(=O)[O-],"InChI=1S/H2O4Se/c1-5(2,3)4/h(H2,1,2,3,4)/p-2"
CFM,FE-MO-S CLUSTER,S1[Fe]2[S]3[Fe]4S[Fe]5[S]6[Fe]1[S]7[Mo]6[S]5[Fe]7S[Fe]8[S]2[Fe]3[S]48,InChI=1S/7Fe.Mo.9S
CLP,FE-S CLUSTER,[S]12[Fe]3[S]4[Fe]1S5([Fe]2[S]3[Fe]45)S67[Fe]8[S]9[Fe]6[S]1[Fe]9[S]8[Fe]71,InChI=1S/8Fe.S2.6S/c;;;;;;;;1-2;;;;;;
TL,THALLIUM (I) ION,[Tl+],InChI=1S/Tl/q+1
Y1,YTTRIUM ION,[Y+2],InChI=1S/Y/q+2
DTN,DITHIONITE,[O-]S(=O)S(=O)[O-],"InChI=1S/H2O4S2/c1-5(2)6(3)4/h(H,1,2)(H,3,4)/p-2"
CUZ,(MU-4-SULFIDO)-TETRA-NUCLEAR COPPER ION,S123[Cu]4[Cu]15[Cu]24[Cu]35,InChI=1S/4Cu.S
4MO,MOLYBDENUM(IV) ION,[Mo+4],InChI=1S/Mo/q+4
GD3,GADOLINIUM ION,[Gd+3],InChI=1S/Gd/q+3
PEO,HYDROGEN PEROXIDE,OO,InChI=1S/H2O2/c1-2/h1-2H
YB,YTTERBIUM (III) ION,[Yb+3],InChI=1S/Yb/q+3
C2O,CU-O-CU LINKAGE,O([Cu])[Cu],InChI=1S/2Cu.O
C1O,CU-O LINKAGE,O=[Cu],InChI=1S/Cu.O
2HP,DIHYDROGENPHOSPHATE ION,OP(=O)(O)[O-],"InChI=1S/H3O4P/c1-5(2,3)4/h(H3,1,2,3,4)/p-1"
W,TUNGSTEN ION,[W+6],InChI=1S/W/q+6
CLF,FE(8)-S(7) CLUSTER,[S]12[Fe]3[S]4[Fe]1S567([Fe]2[S]3[Fe]45)[Fe]8[S]9[Fe]6[S]1[Fe]9[S]8[Fe]71,InChI=1S/8Fe.7S
PO2,HYPOPHOSPHITE,[O-]P=O,"InChI=1S/HO2P/c1-3-2/h(H,1,2)/p-1"
REO,PERRHENATE,[O-][Re](=O)(=O)=O,InChI=1S/4O.Re/q;;;-1;
PD,PALLADIUM ION,[Pd+2],InChI=1S/Pd/q+2
D3O,TRIDEUTERIOOXIDANIUM,[2H][O+]([2H])[2H],InChI=1S/H2O/h1H2/p+1/i/hD3
I2I,MOLECULAR IODINE,II,InChI=1S/I2/c1-2
TBR,HEXATANTALUM DODECABROMIDE,Br[Ta]123456Br[Ta]17891%10[Ta]22%11(Br7)[Ta]337%12%13([Ta]484([Ta]923(Br%11)(Br1)(Br4)(Br7)Br%12)(Br5)(Br%10)Br%13)Br6,InChI=1S/12BrH.6Ta/h12*1H;;;;;;/q;;;;;;;;;;;;;;;;;+1/p-1
6BP,HEXABROMOPLATINATE(IV),Br[Pt](Br)(Br)(Br)(Br)Br,InChI=1S/6BrH.Pt/h6*1H;/q;;;;;;+4/p-6
RB,RUBIDIUM ION,[Rb+],InChI=1S/Rb/q+1
PPV,PYROPHOSPHATE,OP(=O)(O)OP(=O)(O)O,"InChI=1S/H4O7P2/c1-8(2,3)7-9(4,5)6/h(H2,1,2,3)(H2,4,5,6)"
DPO,DIPHOSPHATE,[O-]P(=O)([O-])OP(=O)([O-])[O-],"InChI=1S/H4O7P2/c1-8(2,3)7-9(4,5)6/h(H2,1,2,3)(H2,4,5,6)/p-4"
CPT,CISPLATIN,[NH3][Pt]([NH3])(Cl)Cl,InChI=1S/2ClH.2H3N.Pt/h2*1H;2*1H3;/q;;;;+2/p-2
FS2,FE-S-O HYBRID CLUSTER,O1[Fe]O2[Fe]134O[Fe]356[S]4[Fe]52S6,InChI=1S/4Fe.3O.2S
IR,IRIDIUM ION,[Ir+4],InChI=1S/Ir/q+4
NFS,FE(4)-NI(1)-S(5) CLUSTER,S1[Fe][S]2[Fe]3[S]4[Fe]2[S]5[Fe]4[S]3[Ni]51,InChI=1S/4Fe.Ni.5S
OS,OSMIUM ION,[Os+3],InChI=1S/Os/q+3
SX,SULFUR OXIDE,O=S,InChI=1S/OS/c1-2
9UX,DIOXO(DI-MU-SULFIDE)DIMOLYBDENUM,O=[MoH2]1S[MoH2](=O)S1,InChI=1S/2Mo.2O.2S.4H
VVO,OXOVANADIUM(2+),O=[V+2],InChI=1S/O.V/q;+2
BO4,BORATE ION,[B-](O)(O)(O)O,"InChI=1S/BH4O4/c2-1(3,4)5/h2-5H/q-1"
XCC,FE(4)-NI(1)-S(4) CLUSTER,S1[Fe]2[S]([Fe]3[S]2[Fe]1[S]3[Ni])[Fe],InChI=1S/4Fe.Ni.4S
CUV,"FE(4)-NI(1)-S(4) CLUSTER, OXIDIZED",S1[Fe][S]2[Fe]1S[Fe]2S[Fe][Ni],InChI=1S/4Fe.Ni.4S
1CL,"FE(8)-S(7) CLUSTER, OXIDIZED",[S]12[Fe][S]3[Fe]1[S]([Fe]2)[Fe]3S45[Fe]6[S]7[Fe]4[S]8[Fe]7[S]6[Fe]58,InChI=1S/8Fe.7S
MO,MOLYBDENUM ATOM,[Mo],InChI=1S/Mo
AST,ARSENITE,[O-][As]([O-])[O-],InChI=1S/AsO3/c2-1(3)4/q-3
FUS,SULFURIC DIAMIDE,NS(=O)(=O)N,"InChI=1S/H4N2O2S/c1-5(2,3)4/h(H4,1,2,3,4)"
HSW,N-HYDROXYSULFAMIDE,NS(=O)(=O)NO,"InChI=1S/H4N2O3S/c1-6(4,5)2-3/h2-3H,(H2,1,4,5)"
YB2,YTTERBIUM (II) ION,[Yb+2],InChI=1S/Yb/q+2
MF4,TETRAFLUOROMAGNESATE(2-),F[Mg-2](F)(F)F,InChI=1S/4FH.Mg/h4*1H;/q;;;;+2/p-4
TB,TERBIUM(III) ION,[Tb+3],InChI=1S/Tb/q+3
PI,HYDROGENPHOSPHATE ION,OP(=O)([O-])[O-],"InChI=1S/H3O4P/c1-5(2,3)4/h(H3,1,2,3,4)/p-2"
HO,HOLMIUM ATOM,[Ho],InChI=1S/Ho
LA,LANTHANUM (III) ION,[La+3],InChI=1S/La/q+3
EU3,EUROPIUM (III) ION,[Eu+3],InChI=1S/Eu/q+3
EU,EUROPIUM ION,[Eu+2],InChI=1S/Eu/q+2
N2O,NITROUS OXIDE,N#[N+][O-],InChI=1S/N2O/c1-2-3
YT3,YTTRIUM (III) ION,[Y+3],InChI=1S/Y/q+3
WO6,TRIOXIDO(OXO)TUNGSTEN,[O-][W](=O)([O-])[O-],InChI=1S/4O.W/q;3*-1;
NH2,AMINO GROUP,[NH2],InChI=1S/H3N/h1H3
CUM,CU(I)-S-MO(VI)(=O)OH CLUSTER,O[Mo+6](=O)S[Cu+],InChI=1S/Cu.Mo.H2O.O.S/h;;1H2;;/q+1;+7;;;/p-1
OMO,MO(VI)(=O)(OH)2 CLUSTER,O[Mo+6](=O)O,InChI=1S/Mo.2H2O.O/h;2*1H2;/q+8;;;/p-2
CUN,CU(I)-S-MO(IV)(=O)OH CLUSTER,O[Mo+4](=O)S[Cu+],InChI=1S/Cu.Mo.H2O.O.S/h;;1H2;;/q+1;+5;;;/p-1
C2C,CU-CL-CU LINKAGE,Cl([Cu])[Cu],InChI=1S/ClH.2Cu/h1H;;
AU3,GOLD 3+ ION,[Au+3],InChI=1S/Au/q+3
PER,PEROXIDE ION,[O-][O-],InChI=1S/O2/c1-2/q-2
PHS,PHOSPHONIC ACID,OP(=O)O,"InChI=1S/H3O3P/c1-4(2)3/h4H,(H2,1,2,3)"
KR,KRYPTON,[Kr],InChI=1S/Kr
MN3,MANGANESE (III) ION,[Mn+3],InChI=1S/Mn/q+3
PPK,(DIPHOSPHONO)AMINOPHOSPHONIC ACID,N(P(=O)(O)O)P(=O)(O)OP(=O)(O)O,"InChI=1S/H6NO9P3/c2-11(3,4)1-12(5,6)10-13(7,8)9/h(H2,7,8,9)(H4,1,2,3,4,5,6)"
SE,SELENIUM ATOM,[SeH2],InChI=1S/H2Se/h1H2
WCC,FE(3)-NI(1)-S(4) CLUSTER,[S]12[Fe]3[S]4[Fe]1[S]5[Fe]2[S]3[Ni]45,InChI=1S/3Fe.Ni.4S
MOW,OXO(SULFANYL)MOLYBDENUM(IV) ION,O=[Mo]S,InChI=1S/Mo.O.H2S/h;;1H2/q+1;;/p-1
ER3,ERBIUM (III) ION,[Er+3],InChI=1S/Er/q+3
RH,RHODIUM,[Rh+],InChI=1S/Rh/q+1
RQM,FE(3)-NI(1)-S(4) CLUSTER,[S]1([Fe]2[S]3[Fe]1[S]4[Fe]3[S]2[Ni]4)[Fe],InChI=1S/4Fe.Ni.4S
V4O,CYCLO-TETRAMETAVANADATE,[O-][V]1(=O)O[V](=O)(O[V](=O)(O[V](=O)(O1)[O-])[O-])[O-],InChI=1S/12O.4V/q;;;;;;;;4*-1;;;;
VVB,BIS(OXIDANYL)VANADIUM,O[V]O,InChI=1S/2H2O.V/h2*1H2;/q;;+2/p-2
H1W,PENTAKIS(OXIDANYL)VANADIUM,O[V](O)(O)(O)O,InChI=1S/5H2O.V/h5*1H2;/q;;;;;+5/p-5
ODU,TETRANITRO-NITROSO-OXIDANYL-RUTHENIUM(2-),N(=O)[Ru-2]([N+](=O)[O-])([N+](=O)[O-])([N+](=O)[O-])([N+](=O)[O-])O,InChI=1S/4NO2.NO.H2O.Ru/c4*2-1-3;1-2;;/h;;;;;1H2;/q;;;;-1;;/p-1
R3D,RU2-(OH)8 CLUSTER,O[Ru](O)(O)(O)[Ru](O)(O)(O)O,InChI=1S/8H2O.2Ru/h8*1H2;;/q;;;;;;;;2*+4/p-8
R2U,RU2-(OH)6 CLUSTER,O[Ru](O)(O)[Ru](O)(O)O,InChI=1S/6H2O.2Ru/h6*1H2;;/q;;;;;;2*+3/p-6
4TI,TITANIUM ION,[Ti+4],InChI=1S/Ti/q+4
PIS,TRIHYDROGEN THIODIPHOSPHATE,OP(=O)(O)OP(=O)(O)[S-],"InChI=1S/H4O6P2S/c1-7(2,3)6-8(4,5)9/h(H2,1,2,3)(H2,4,5,9)/p-1"
2NO,NITROGEN DIOXIDE,N(=O)[O],"InChI=1S/HNO2/c2-1-3/h(H,2,3)"
6B6,PLATINUM(4+) TETRAHYDROXIDE,O[Pt](O)(O)O,InChI=1S/4H2O.Pt/h4*1H2;/q;;;;+4/p-4
4J3,AMINO(AMINOOXY)SULFANE DIOXIDE,NOS(=O)(=O)N,"InChI=1S/H4N2O3S/c1-5-6(2,3)4/h1H2,(H2,2,3,4)"
TH,THORIUM ION,[Th+4],InChI=1S/Th/q+4
4PU,PLUTONIUM ION,[Pu+4],InChI=1S/Pu/q+4
ZCM,CURIUM ION,[Cm+3],InChI=1S/Cm/q+3
AM,AMERICIUM ION,[Am+3],InChI=1S/Am/q+3
D8U,DEUTERIUM(1+),[2H+],InChI=1S/p+1/i/hD
GAK,[2GA-2S] CLUSTER,S1[Ga]S[Ga]1,InChI=1S/2Ga.2S.2H
2PN,IMIDODIPHOSPHORIC ACID,N(P(=O)(O)O)P(=O)(O)O,"InChI=1S/H5NO6P2/c2-8(3,4)1-9(5,6)7/h(H5,1,2,3,4,5,6,7)"
FEA,MONOAZIDO-MU-OXO-DIIRON,[N-]=[N+]=N[Fe]O[Fe],InChI=1S/2Fe.N3.O/c;;1-3-2;/q;+1;-1;
CON,COBALT TETRAAMMINE ION,[NH3][Co+3]([NH3])([NH3])[NH3],InChI=1S/Co.4H3N/h;4*1H3/q+3;;;;
2PO,PHOSPHONATE,[O-]P(=O)[O-],"InChI=1S/H3O3P/c1-4(2)3/h4H,(H2,1,2,3)/p-2"
ND4,AMMONIUM CATION WITH D,[2H][N+]([2H])([2H])[2H],InChI=1S/H3N/h1H3/p+1/i/hD4
PDV,DIVANADATE ION,O[V]1(O[V](O1)([O-])[O-])([O-])[O-],InChI=1S/H2O.6O.2V/h1H2;;;;;;;;/q;;;4*-1;;+1/p-1
S3H,TRISULFANE,SSS,InChI=1S/H2S3/c1-3-2/h1-2H
FS0,FE2/S3 CLUSTER,S[Fe]1S[Fe]S1,InChI=1S/2Fe.H2S.2S/h;;1H2;;/q;+1;;;/p-1
TAS,TRIHYDROXYARSENITE(III),O[As](O)O,InChI=1S/AsH3O3/c2-1(3)4/h2-4H
V,VANADIUM ION,[V+3],InChI=1S/V/q+3
BF8,FE(4)-NI(1)-S(5) CLUSTER WITH OXYGEN,O1[Fe][S]2[Fe]3[S]4[Fe]2[S]5[Fe]4[S]3[Ni]51,InChI=1S/4Fe.Ni.O.4S
78T,OXIDANYLPHOSPHINATE,OP(=O)[O-],"InChI=1S/H3O3P/c1-4(2)3/h4H,(H2,1,2,3)/p-1"
BJ8,DOUBLE CUBANE CLUSTER,S([Fe]12[S]3[Fe]4[S]1[Fe]5[S]4[Fe]3[S]25)[Fe]67[S]8[Fe]9[S]6[Fe]1[S]9[Fe]8[S]71,InChI=1S/8Fe.9S
RE,RHENIUM,[Re],InChI=1S/Re
EFK,OXIDANYL(OXIDANYLIDENE)MOLYBDENUM,O[Mo]=O,InChI=1S/Mo.H2O.O/h;1H2;/q+1;;/p-1
HP4,PHOSPHINATE,[O-][PH2]=O,"InChI=1S/H3O2P/c1-3-2/h3H2,(H,1,2)/p-1"
GA,GALLIUM (III) ION,[Ga+3],InChI=1S/Ga/q+3
FUQ,MO5 CLUSTER,O[Mo]1(O[Mo](O[Mo](O[Mo](O[Mo](O1)(O)(O)(O)O)(O)(O)(O)O)(O)(O)(O)O)(O)(O)(O)O)(O)(O)O,InChI=1S/5Mo.20H2O.5O/h;;;;;20*1H2;;;;;/q5*+4;;;;;;;;;;;;;;;;;;;;;;;;;/p-20
FV2,MO8 CLUSTER,[O][Mo]12(O[Mo]3(O[Mo]456(O3[Mo]7(O1)(O2[Mo]8(O7[Mo]91(O4)(O8[Mo]2(O9[Mo](O15)(O2)(O6)([O])[O])([O])([O])[O])[O])([O])([O])[O])([O])[O])[O])([O])([O])[O])([O])[O],InChI=1S/8Mo.18H2O.12O/h;;;;;;;;18*1H2;;;;;;;;;;;;/q2*+1;2*+2;4*+3;;;;;;;;;;;;;;;;;;;;;;;;;;;;;;/p-18
GUH,MO6 CLUSTER,O[Mo]1([O+]2[Mo]([O+]3[Mo]245([O+]1[Mo]([O+]4[Mo]6([O+]5[Mo]3(O6)(O)(O)O)(O)(O)(O)O)(O)(O)(O)O)O)(O)(O)(O)O)(O)(O)O,InChI=1S/6Mo.20H2O.6O/h;;;;;;20*1H2;;;;;;/q+1;+3;4*+4;;;;;;;;;;;;;;;;;;;;;;5*+1/p-20
GWW,PENTAKIS(OXIDANYL)MOLYBDENUM,O[Mo](O)(O)(O)O,InChI=1S/Mo.5H2O/h;5*1H2/q+5;;;;;/p-5
GWN,MO8 CLUSTER,O[Mo]12(O[Mo]34([O+]1[Mo]567([O+]2[Mo]8(O5)([O+]6[Mo]912([O+]8[Mo]5([O+]9[Mo]6(O5)([O+]1[Mo]([O+]73)(O4)(O6)(O2)O)(O)O)(O)(O)O)O)(O)O)O)(O)O)(O)O,InChI=1S/8Mo.15H2O.13O/h;;;;;;;;15*1H2;;;;;;;;;;;;;/q3*+1;3*+2;2*+3;;;;;;;;;;;;;;;;;;;;;;7*+1/p-15
J8E,"OXIDANYL-[[2,2,4,4,4-PENTAKIS($L^{1}-OXIDANYL)-1-(OXIDANYLMOLYBDENIO)-1$L^{3},3-DIOXA-2$L^{5},4$L^{5}-DIMOLYBDACYCLOBUT-2-YL]OXY]MOLYBDENUM",O[Mo]O[Mo]1(O[Mo](O1[Mo]O)([O])([O])[O])([O])[O],InChI=1S/4Mo.7H2O.3O/h;;;;7*1H2;;;/q2*+1;+2;+3;;;;;;;;;;/p-7
J85,[[[BIS(OXIDANYLMOLYBDENIO)-$L^{3}-OXIDANYL]-$L^{1}-OXIDANYL-OXIDANYLIDENE-MOLYBDENIO]-(OXIDANYLMOLYBDENIO)-$L^{3}-OXIDANYL]-TETRAKIS($L^{1}-OXIDANYL)MOLYBDENUM,O[Mo]O([Mo]O)[Mo](=O)([O])O([Mo]O)[Mo]([O])([O])([O])[O],InChI=1S/5Mo.8H2O.3O/h;;;;;8*1H2;;;/q4*+1;+4;;;;;;;;;;;/p-8
J7N,"2,2,4-TRIS(OXIDANYL)-1,3-DIOXA-2$L^{4},4$L^{3}-DIMOLYBDACYCLOBUTANE",O[Mo]1O[Mo](O1)(O)O,InChI=1S/2Mo.3H2O.2O/h;;3*1H2;;/q+1;+2;;;;;/p-3
J7Q,"TETRAKIS($L^{1}-OXIDANYL)-[[2,2,2,4,4,4,4,6,6,6,8-UNDECAKIS($L^{1}-OXIDANYL)-8-(OXIDANYLMOLYBDENIOOXY)-6-[TRIS($L^{1}-OXIDANYL)MOLYBDENIOOXY]-1,3,5,7-TETRAOXA-2$L^{6},4$L^{6},6$L^{6},8$L^{4}-TETRAMOLYBDACYCLOOCT-2-YL]OXY]MOLYBDENUM",O[Mo]O[Mo]1(O[Mo](O[Mo](O[Mo](O1)([O])([O])([O])O[Mo]([O])([O])([O])[O])([O])([O])([O])[O])([O])([O])([O])O[Mo]([O])([O])[O])[O],InChI=1S/7Mo.19H2O.7O/h;;;;;;;19*1H2;;;;;;;/q2*+1;3*+3;2*+4;;;;;;;;;;;;;;;;;;;;;;;;;;/p-19
GX2,MO14O47 CLUSTER,O[Mo]12O[Mo]345O[Mo]6(O3)(O[Mo]78(O1)O[Mo]9(O7)(O[Mo]13(O2)O[Mo](O1)(O4)(O[Mo]124(O[Mo]7(O[Mo]%10(O6)(O[Mo](O8)(O%10)(O[Mo]6(O7)(O9)(O[Mo](O3)(O6)(O1)(O)O)O)(O)O)(O[Mo](O5)(O2)(O4)(O)O)O)O)O)(O)O)(O)O)(O)O,InChI=1S/14Mo.17H2O.30O/h;;;;;;;;;;;;;;17*1H2;;;;;;;;;;;;;;;;;;;;;;;;;;;;;;/q;;;5*+1;6*+2;;;;;;;;;;;;;;;;;;;;;;;;;;;;;;;;;;;;;;;;;;;;;;;/p-17
M27,BIS(MU2-OXO)-OCTAOXO-DIMOLYBDENUM (VI),[O-][Mo]1(O[Mo](O1)([O-])([O-])([O-])[O-])([O-])([O-])[O-],InChI=1S/2Mo.10O/q;;;;8*-1
2PA,DIAMIDOPHOSPHATE,NP(=O)(N)O,"InChI=1S/H5N2O2P/c1-5(2,3)4/h(H5,1,2,3,4)"
AR,ARGON,[Ar],InChI=1S/Ar
BS3,BISMUTH(III) ION,[Bi+3],InChI=1S/Bi/q+3
8JU,FE4-S4-O CLUSTER,O1[Fe]S[Fe]2S[Fe]3[S]2[Fe]1S3,InChI=1S/4Fe.O.4S
8TR,HYPOCHLOROUS ACID,OCl,InChI=1S/ClHO/c1-2/h2H
PS9,OCTATHIOCANE,S1SSSSSSS1,InChI=1S/S8/c1-2-4-6-8-7-5-3-1
6ML,OXYGEN-DAMAGED SF4,O1[Fe](O[Fe]2S[Fe]3[S]2[Fe]1S3)[S],InChI=1S/4Fe.2O.H2S.3S/h;;;;;;1H2;;;/q;;;+1;;;;;;/p-1
ZR,ZIRCONIUM ION,[Zr+4],InChI=1S/Zr/q+4
CF,CALIFORNIUM ION,[Cf+3],InChI=1S/Cf/q+3
73M,BIS(AZANYL)-CHLORANYL-OXIDANYL-PLATINUM,N[Pt](N)(O)Cl,InChI=1S/ClH.2H2N.H2O.Pt/h1H;3*1H2;/q;2*-1;;+4/p-2
9PI,BIS[OXIDANYL-[OXIDANYL-[OXIDANYL(PHOSPHONOOXY)PHOSPHORYL]OXY-PHOSPHORYL]OXY-PHOSPHORYL] HYDROGEN PHOSPHATE,OP(=O)(O)OP(=O)(O)OP(=O)(O)OP(=O)(O)OP(=O)(O)OP(=O)(O)OP(=O)(O)OP(=O)(O)OP(=O)(O)O,"InChI=1S/H11O28P9/c1-29(2,3)21-31(7,8)23-33(11,12)25-35(15,16)27-37(19,20)28-36(17,18)26-34(13,14)24-32(9,10)22-30(4,5)6/h(H,7,8)(H,9,10)(H,11,12)(H,13,14)(H,15,16)(H,17,18)(H,19,20)(H2,1,2,3)(H2,4,5,6)"
6YW,[OXIDANYL-[OXIDANYL-[OXIDANYL(PHOSPHONOOXY)PHOSPHORYL]OXY-PHOSPHORYL]OXY-PHOSPHORYL] PHOSPHONO HYDROGEN PHOSPHATE,OP(=O)(O)OP(=O)(O)OP(=O)(O)OP(=O)(O)OP(=O)(O)OP(=O)(O)O,"InChI=1S/H8O19P6/c1-20(2,3)15-22(7,8)17-24(11,12)19-25(13,14)18-23(9,10)16-21(4,5)6/h(H,7,8)(H,9,10)(H,11,12)(H,13,14)(H2,1,2,3)(H2,4,5,6)"
6YX,[OXIDANYL-[OXIDANYL-[OXIDANYL-[OXIDANYL-[OXIDANYL-[OXIDANYL-[OXIDANYL-[OXIDANYL-[OXIDANYL-[OXIDANYL-[OXIDANYL-[OXIDANYL-[OXIDANYL-[OXIDANYL-[OXIDANYL-[OXIDANYL-[OXIDANYL-[OXIDANYL-[OXIDANYL-[OXIDANYL-[OXIDANYL(PHOSPHONOOXY)PHOSPHORYL]OXY-PHOSPHORYL]OXY-PHOSPHORYL]OXY-PHOSPHORYL]OXY-PHOSPHORYL]OXY-PHOSPHORYL]OXY-PHOSPHORYL]OXY-PHOSPHORYL]OXY-PHOSPHORYL]OXY-PHOSPHORYL]OXY-PHOSPHORYL]OXY-PHOSPHORYL]OXY-PHOSPHORYL]OXY-PHOSPHORYL]OXY-PHOSPHORYL]OXY-PHOSPHORYL]OXY-PHOSPHORYL]OXY-PHOSPHORYL]OXY-PHOSPHORYL]OXY-PHOSPHORYL]OXY-PHOSPHORYL] PHOSPHONO HYDROGEN PHOSPHATE,OP(=O)(O)OP(=O)(O)OP(=O)(O)OP(=O)(O)OP(=O)(O)OP(=O)(O)OP(=O)(O)OP(=O)(O)OP(=O)(O)OP(=O)(O)OP(=O)(O)OP(=O)(O)OP(=O)(O)OP(=O)(O)OP(=O)(O)OP(=O)(O)OP(=O)(O)OP(=O)(O)OP(=O)(O)OP(=O)(O)OP(=O)(O)OP(=O)(O)OP(=O)(O)OP(=O)(O)O,"InChI=1S/H26O73P24/c1-74(2,3)51-76(7,8)53-78(11,12)55-80(15,16)57-82(19,20)59-84(23,24)61-86(27,28)63-88(31,32)65-90(35,36)67-92(39,40)69-94(43,44)71-96(47,48)73-97(49,50)72-95(45,46)70-93(41,42)68-91(37,38)66-89(33,34)64-87(29,30)62-85(25,26)60-83(21,22)58-81(17,18)56-79(13,14)54-77(9,10)52-75(4,5)6/h(H,7,8)(H,9,10)(H,11,12)(H,13,14)(H,15,16)(H,17,18)(H,19,20)(H,21,22)(H,23,24)(H,25,26)(H,27,28)(H,29,30)(H,31,32)(H,33,34)(H,35,36)(H,37,38)(H,39,40)(H,41,42)(H,43,44)(H,45,46)(H,47,48)(H,49,50)(H2,1,2,3)(H2,4,5,6)"
6YY,BIS[OXIDANYL-[OXIDANYL-[OXIDANYL-[OXIDANYL(PHOSPHONOOXY)PHOSPHORYL]OXY-PHOSPHORYL]OXY-PHOSPHORYL]OXY-PHOSPHORYL] HYDROGEN PHOSPHATE,OP(=O)(O)OP(=O)(O)OP(=O)(O)OP(=O)(O)OP(=O)(O)OP(=O)(O)OP(=O)(O)OP(=O)(O)OP(=O)(O)OP(=O)(O)OP(=O)(O)O,"InChI=1S/H13O34P11/c1-35(2,3)25-37(7,8)27-39(11,12)29-41(15,16)31-43(19,20)33-45(23,24)34-44(21,22)32-42(17,18)30-40(13,14)28-38(9,10)26-36(4,5)6/h(H,7,8)(H,9,10)(H,11,12)(H,13,14)(H,15,16)(H,17,18)(H,19,20)(H,21,22)(H,23,24)(H2,1,2,3)(H2,4,5,6)"
Q46,FE4 H S5,S[Fe]12[S+]3[Fe]4[S+]1[Fe]5[S+]4[Fe]3[S+]25,InChI=1S/4Fe.H2S.4S/h;;;;1H2;;;;/q;;;+1;;4*+1/p-1
FPO,FLUORO-PHOSPHITE ION,[O-]P(=O)([O-])F,"InChI=1S/FH2O3P/c1-5(2,3)4/h(H2,2,3,4)/p-2"
LCP,PERCHLORATE ION,[O-]Cl(=O)(=O)=O,"InChI=1S/ClHO4/c2-1(3,4)5/h(H,2,3,4,5)/p-1"
RH3,RHODIUM(III) ION,[Rh+3],InChI=1S/Rh/q+3
PC4,TETRACHLOROPLATINATE(II),Cl[Pt-2](Cl)(Cl)Cl,InChI=1S/4ClH.Pt/h4*1H;/q;;;;+2/p-4
UG3,BIS[OXIDANYL(PHOSPHONOOXY)PHOSPHORYL] HYDROGEN PHOSPHATE,OP(=O)(O)OP(=O)(O)OP(=O)(O)OP(=O)(O)OP(=O)(O)O,"InChI=1S/H7O16P5/c1-17(2,3)13-19(7,8)15-21(11,12)16-20(9,10)14-18(4,5)6/h(H,7,8)(H,9,10)(H,11,12)(H2,1,2,3)(H2,4,5,6)"
TS6,MONOTHIOPHOSPHATE,OP(=O)(O)S,"InChI=1S/H3O3PS/c1-4(2,3)5/h(H3,1,2,3,5)"
VV2,FE-S CLUSTER,[S]12[Fe]S34[Fe]1[S]([Fe]23)[Fe]4,InChI=1S/4Fe.3S
VW5,DIRHODIUM (II) OXIDE,O[Rh+2](O)(O)(O)[Rh+2](O)(O)(O)O,InChI=1S/8H2O.2Rh/h8*1H2;;/q;;;;;;;;2*+6/p-8
3CO,COBALT (III) ION,[Co+3],InChI=1S/Co/q+3
S3F,OXIDIZED [FE4-S3] CLUSTER,[O][Fe]1[S]([Fe]2[S]1[Fe]S2)[Fe],InChI=1S/4Fe.H2O.3S/h;;;;1H2;;;/q;;;+1;;;;/p-1
XE1,"N,N'-(DIHYDROXY-LAMBDA~5~-PHOSPHANEDIYL)BIS(PHOSPHORAMIDIC ACID)",N(P(NP(=O)(O)O)(O)O)P(=O)(O)O,"InChI=1S/H9N2O8P3/c3-11(4,1-12(5,6)7)2-13(8,9)10/h3-4,11H,(H3,1,5,6,7)(H3,2,8,9,10)"
PS5,PENTASULFIDE-SULFUR,[S-]SSS[S-],InChI=1S/H2S5/c1-3-5-4-2/h1-2H/p-2
ND,NEODYMIUM ION,[Nd+3],InChI=1S/Nd/q+3
P0S,"2,4,6,8,10,12-HEXAHYDROXY-2LAMBDA~5~,4LAMBDA~5~,6LAMBDA~5~,8LAMBDA~5~,10LAMBDA~5~,12LAMBDA~5~-CYCLOHEXAPHOSPHOXANE-2,4,6,8,10,12-HEXONE",OP1(=O)OP(=O)(OP(=O)(OP(=O)(OP(=O)(OP(=O)(O1)O)O)O)O)O,"InChI=1S/H6O18P6/c1-19(2)13-20(3,4)15-22(7,8)17-24(11,12)18-23(9,10)16-21(5,6)14-19/h(H,1,2)(H,3,4)(H,5,6)(H,7,8)(H,9,10)(H,11,12)"
P0J,"2,4,6,8-TETRAHYDROXY-1,3,5,7,2LAMBDA~5~,4LAMBDA~5~,6LAMBDA~5~,8LAMBDA~5~-TETROXATETRAPHOSPHOCANE-2,4,6,8-TETRONE",OP1(=O)OP(=O)(OP(=O)(OP(=O)(O1)O)O)O,"InChI=1S/H4O12P4/c1-13(2)9-14(3,4)11-16(7,8)12-15(5,6)10-13/h(H,1,2)(H,3,4)(H,5,6)(H,7,8)"
MH2,"MANGANESE ION, 1 HYDROXYL COORDINATED",O[Mn+2],InChI=1S/Mn.H2O/h;1H2/q+3;/p-1
CUK,[4CU:2S] CLUSTER,S1[Cu]S([Cu]1)([Cu])[Cu],InChI=1S/4Cu.2S
QEB,[RE4(MU3-OH)4(CO)12],O12[Re]3O4[Re]1O5[Re]2O3[Re]45,InChI=1S/4O.4Re
KQB,TRIFLUOROMAGNESATE MONOHYDRATE,[O][Mg](F)(F)F,InChI=1S/3FH.Mg.H2O/h3*1H;;1H2/q;;;+4;/p-4
TA0,TANTALUM,[Ta],InChI=1S/Ta
DTZ,ZINC(II)HYDROGENSULFIDE,S[Zn]S,InChI=1S/2H2S.Zn/h2*1H2;/q;;+2/p-2
DAZ,DIAMINOZINC,N[Zn]N,InChI=1S/2H2N.Zn/h2*1H2;/q2*-1;+2
RUO,OXO-CENTERED TRIRUTHENIUM CLUSTER,O([Ru])([Ru])[Ru],InChI=1S/O.3Ru
BSY,BISELENITE ION,O[Se](=O)[O-],"InChI=1S/H2O3Se/c1-4(2)3/h(H2,1,2,3)/p-1"
SFS,FE4-SE4 CLUSTER,[Fe]12[Se]3[Fe]4[Se]1[Fe]5[Se]2[Fe]3[Se]45,InChI=1S/4Fe.4HSe/h;;;;4*1H
LPJ,FE(6)-S(7) CLUSTER,S1[Fe][S]2[Fe]1S[Fe]2[S]3[Fe]4S[Fe]5[S]4[Fe]3S5,InChI=1S/6Fe.7S
MOM,HYDROXY(DIOXO)MOLYBDENUM,O[Mo](=O)=O,InChI=1S/Mo.H2O.2O/h;1H2;;/q+1;;;/p-1
TE6,ORTHOTELLURIC ACID,O[Te](O)(O)(O)(O)O,"InChI=1S/H6O6Te/c1-7(2,3,4,5)6/h1-6H"
K3G,PHOSPHOMOLYBDATE KEGGIN,O=[Mo]123O[Mo]45(=O)O[Mo]6(=O)(O1)O[Mo]78(=O)O[Mo]91(=O)(O6)O[P+]6%10O[Mo]%11%12(=O)(O2)O[Mo](=O)(O3)(O9)O[Mo]2(=O)(O1)O[Mo]1(=O)(O%11)O[Mo](=O)(O4)(O%12)O[Mo](=O)(O6)(O5)(O7)O[Mo](=O)(O%10)(O2)(O1)O8,"InChI=1S/12Mo.HO4P.12H2O.24O/c;;;;;;;;;;;;1-5(2,3)4;;;;;;;;;;;;;;;;;;;;;;;;;;;;;;;;;;;;/h;;;;;;;;;;;;5H;12*1H2;;;;;;;;;;;;;;;;;;;;;;;;/q8*+1;4*+2;-4;;;;;;;;;;;;;;;;;;;;;;;;;;;;;;;;;;;;/p-12"
E43,12-POLYTUNGSTATE,O=[W]1234O[W]567(=O)[OH+2]1[W]8(=O)(O2)(O5)O[W]912(=O)O[W]5%10(=O)(O3)[O+]9[W]3(=O)(O5)(O1)O[W]159(=O)O[W]%11(=O)(O4)(O%10)[OH+2]1[W](=O)(O%11)(O6)(O5)O[W]14(=O)(O7)O[W]5(=O)(O8)(O2)[O+]1[W](=O)(O9)(O4)(O5)O3,InChI=1S/2HO.38O.12W/h2*1H;;;;;;;;;;;;;;;;;;;;;;;;;;;;;;;;;;;;;;;;;;;;;;;;;;/q2*+2;;;;;;;;;;;;;;;;;;;;;;;;;;;;;;;;;;;;;2*+1;;;;;;;;;;;;
6LL,TETRAKIS-(MU-OXO)-DECA-OXO-TRIMOLYBDENUM,O=[Mo]12(=O)(=O)O[Mo](=O)(=O)(O1)(O2)O[Mo](=O)(=O)(=O)(=O)=O,InChI=1S/3Mo.14O
SFO,SULFONIC ACID,O[SH](=O)O,"InChI=1S/H4O3S/c1-4(2)3/h4H2,(H2,1,2,3)"
IN,INDIUM (III) ION,[In+3],InChI=1S/In/q+3
CR,CHROMIUM ION,[Cr+3],InChI=1S/Cr/q+3
HGI,MERCURY (II) IODIDE,I[Hg]I,InChI=1S/Hg.2HI/h;2*1H/q+2;;/p-2
LCO,CHLORATE ION,[O-]Cl(=O)=O,"InChI=1S/ClHO3/c2-1(3)4/h(H,2,3,4)/p-1"
BF2,BERYLLIUM DIFLUORIDE,[Be](F)F,InChI=1S/Be.2FH/h;2*1H/q+2;;/p-2
BF4,BERYLLIUM TETRAFLUORIDE ION,[Be-2](F)(F)(F)F,InChI=1S/Be.4FH/h;4*1H/q+2;;;;/p-4
0KA,SILVER/IRON/SULFUR CLUSTER,[S]12[Fe]3[S]4[Fe]1[S]5[Fe]2[S]3[Ag]45,InChI=1S/Ag.3Fe.4S
8AR,HYDROGEN ARSENATE,O[As](=O)([O-])[O-],"InChI=1S/AsH3O4/c2-1(3,4)5/h(H3,2,3,4,5)/p-2"
6M0,MO(6)-O(26) CLUSTER,O[Mo]1O[Mo](O[Mo](O1)(O)(O)(O)O[Mo]2(OO2)(O)(O)O[Mo]3(OO3)(O)(O)O)(O)(O)(O)O[Mo](O)(O)(O)O,InChI=1S/6Mo.2O2.16H2O.6O/c;;;;;;2*1-2;;;;;;;;;;;;;;;;;;;;;;/h;;;;;;;;16*1H2;;;;;;/q+1;2*+3;2*+4;+5;2*-2;;;;;;;;;;;;;;;;;;;;;;/p-16
AL,ALUMINUM ION,[Al+3],InChI=1S/Al/q+3
202,BROMIC ACID,OBr(=O)=O,"InChI=1S/BrHO3/c2-1(3)4/h(H,2,3,4)"
VQ8,HYBRID CLUSTER,O1[Fe]O[Fe]2S[Fe]3[S]2[Fe]1O3,InChI=1S/4Fe.3O.2S
OO9,OXIDANYL DIHYDROGEN PHOSPHATE,OOP(=O)(O)O,"InChI=1S/H3O5P/c1-5-6(2,3)4/h1H,(H2,2,3,4)"
UFF,FE(7)-S(7) CLUSTER,S1[Fe]2S[Fe]3[S]2[Fe]1[S]345[Fe]6[S]7[Fe]4[S]8[Fe]7[S]6[Fe]58,InChI=1S/7Fe.HS.6S/h;;;;;;;1H;;;;;;
R2R,RUTHENIUM(6+) AZANIDE PENTAAMINO(OXIDO)RUTHENIUM (1/4/2),N[Ru](N)(N)(N)(N)O[Ru](N)(N)(N)(N)O[Ru](N)(N)(N)(N)N,InChI=1S/14H2N.2O.3Ru/h14*1H2;;;;;/q14*-1;;;+4;2*+5
DY,DYSPROSIUM ION,[Dy+2],InChI=1S/Dy/q+2
U1,URANIUM ATOM,[U],InChI=1S/U
WO5,TUNGSTATE(VI) ION,O[W](O)(O)(O)O,InChI=1S/5H2O.W/h5*1H2;/q;;;;;+5/p-5
HO3,HOLMIUM (III) ATOM,[Ho+3],InChI=1S/Ho/q+3
RHE,RHENIUM (IV) HEXACHLORIDE,Cl[Re](Cl)(Cl)(Cl)(Cl)Cl,InChI=1S/6ClH.Re/h6*1H;/q;;;;;;+6/p-6
I3M,TRI-IODODE ANION,I[I-]I,InChI=1S/I3/c1-3-2/q-1
PCL,PLATINUM(II) DI-CHLORIDE,Cl[Pt]Cl,InChI=1S/2ClH.Pt/h2*1H;/q;;+2/p-2
SMO,DIOXOSULFIDOMOLYBDENUM(VI) ION,O=[Mo](=O)=S,InChI=1S/Mo.2O.S
PEJ,PERIODATE,[O-]I(=O)(=O)=O,"InChI=1S/HIO4/c2-1(3,4)5/h(H,2,3,4,5)/p-1"
FFE,[BIS(OXIDANYL)-[TETRAKIS(OXIDANYL)FERRIOOXY]FERRIO]OXY-PENTAKIS(OXIDANYL)IRON,O[Fe](O)(O[Fe](O)(O)(O)O)O[Fe](O)(O)(O)(O)O,InChI=1S/3Fe.11H2O.2O/h;;;11*1H2;;/q+2;+4;+5;;;;;;;;;;;;;/p-11
M10,(MU3-OXO)-TRIS(MU2-OXO)-NONAKISOXO-TRIMOLYBDENUM (VI),[O-][Mo]12(O[Mo]3(O1[Mo](=O)(O2)(O3)([O-])[O-])([O-])([O-])[O-])([O-])[O-],InChI=1S/3Mo.13O/q;;;;;;;;8*-1
9XN,"PHOSPHORAMIDOTHIOIC O,O-ACID",NP(=S)(O)O,"InChI=1S/H4NO2PS/c1-4(2,3)5/h(H4,1,2,3,5)"
ZTM,ACTINIUM ION,[Ac+3],InChI=1S/Ac/q+3
P3C,TRICHLOROPLATINATE,Cl[Pt-](Cl)Cl,InChI=1S/3ClH.Pt/h3*1H;/q;;;+2/p-3
R3H,TETRAKIS(OXIDANYL)TITANIUM,O[Ti](O)(O)O,InChI=1S/4H2O.Ti/h4*1H2;/q;;;;+4/p-4
RUQ,(DICUPRIO-$L^{3}-SULFANYL)-SULFANYL-COPPER,S[Cu][S+]([Cu])[Cu],InChI=1S/3Cu.H2S.S/h;;;1H2;/q;;+1;;+1/p-1
K7E,SULFANYL-(TRICUPRIO-$L^{4}-SULFANYL)COPPER,S[Cu]S([Cu])([Cu])[Cu],InChI=1S/4Cu.H2S.S/h;;;;1H2;/q;;;+1;;/p-1
RYT,PENTADECAPHOSPHATE,OP(=O)(O)OP(=O)(O)OP(=O)(O)OP(=O)(O)OP(=O)(O)OP(=O)(O)OP(=O)(O)OP(=O)(O)OP(=O)(O)OP(=O)(O)OP(=O)(O)OP(=O)(O)OP(=O)(O)OP(=O)(O)OP(=O)(O)O,"InChI=1S/H17O46P15/c1-47(2,3)33-49(7,8)35-51(11,12)37-53(15,16)39-55(19,20)41-57(23,24)43-59(27,28)45-61(31,32)46-60(29,30)44-58(25,26)42-56(21,22)40-54(17,18)38-52(13,14)36-50(9,10)34-48(4,5)6/h(H,7,8)(H,9,10)(H,11,12)(H,13,14)(H,15,16)(H,17,18)(H,19,20)(H,21,22)(H,23,24)(H,25,26)(H,27,28)(H,29,30)(H,31,32)(H2,1,2,3)(H2,4,5,6)"
T2N,"3,5-DIOXA-7-THIA-1-THIONIA-2$L^{2},4$L^{2},6$L^{3},8$L^{2}-TETRAFERRABICYCLO[4.2.0]OCTANE",O1[Fe]O[Fe]2S[Fe][S+]2[Fe]1,InChI=1S/4Fe.2O.2S/q;;;;;;;+1
RMO,"[ARSENOTHIONITO(2-)-KAPPA~2~O,S](OXO)MOLYBDENUM",O[As]1O[Mo](=O)S1,InChI=1S/AsHO2S.Mo.O/c2-1(3)4;;/h2H;;/q-2;+2;
6SE,TRISELANE,[SeH][Se][SeH],InChI=1S/H2Se3/c1-3-2/h1-2H
S2H,HYDROGEN DISULFIDE,SS,InChI=1S/H2S2/c1-2/h1-2H
OFO,HYDROXY DIIRON-OXO MOIETY,O[Fe]O[Fe],InChI=1S/2Fe.H2O.O/h;;1H2;/q;+1;;/p-1
V7O,META VANADATE,O=[V](=O)O([V](=O)O[V](=O)(=O)O[V](=O)(=O)O([V](=O)=O)[V](=O)(=O)=O)[V](=O)(=O)=O,InChI=1S/19O.7V
6WO,OXO-TUNGSTEN(VI),O=[W+4],InChI=1S/O.W/q;+4
PW9,TRILACUNARY KEGGIN,[O-][W]123(O[W]45([O+]1[P-]67[O+]8[W]9(O2)(O[W]81(O[W]28([O+]6[W](O2)(O4)(O[W]24(O5)([O+2]75[W](O3)(O9)(O2)(O[W]5(O1)(O8)(O4)[O-])[O-])[O-])([O-])[O-])([O-])[O-])([O-])[O-])([O-])[O-])([O-])[O-])[O-],"InChI=1S/O4P.30O.9W/c1-5(2,3)4;;;;;;;;;;;;;;;;;;;;;;;;;;;;;;;;;;;;;;;/q+4;;;;;;;;;;;;;;;;15*-1;;;;;;;;;"
2I2,PENTADECAOXODIPHOSPHOPENTATUNGSTATE,O[W]123(OP4(=O)[O+]5[W]6(O1)(OP7(=O)[O+]2[W]8(O3)([O+]4[W]9(O8)([O+]7[W]5(O6)(O9)(O)O)(O)O)(O)O)(O)O)O,"InChI=1S/2HO4P.10H2O.5O.5W/c2*1-5(2,3)4;;;;;;;;;;;;;;;;;;;;/h2*(H,1,2);10*1H2;;;;;;;;;;/q2*+2;;;;;;;;;;;;;;;;3*+2;2*+3/p-12"
7TT,TETRAPHOSPHATE,OP(=O)(O)OP(=O)(O)OP(=O)(O)OP(=O)(O)O,"InChI=1S/H6O13P4/c1-14(2,3)11-16(7,8)13-17(9,10)12-15(4,5)6/h(H,7,8)(H,9,10)(H2,1,2,3)(H2,4,5,6)"
D3I,"OCTAAQUA-DIRHODIUM (II, II) FRAGMENT",O[Rh](O)[Rh],InChI=1S/2H2O.2Rh/h2*1H2;;/q;;;+2/p-2
RHF,RHODIUM(II) ION,[Rh+2],InChI=1S/Rh/q+2
A1INF,AZANYL-OXIDANYLIDENE-(SULFOAMINO)PHOSPHANIUM,N[P+](=O)NS(=O)(=O)O,"InChI=1S/H3N2O4PS/c1-7(3)2-8(4,5)6/h(H3-,1,2,3,4,5,6)/p+1"
A1I4D,BIS[OXIDANYL-[OXIDANYL(PHOSPHONOOXY)PHOSPHORYL]OXY-PHOSPHORYL] HYDROGEN PHOSPHATE,OP(=O)(O)OP(=O)(O)OP(=O)(O)OP(=O)(O)OP(=O)(O)OP(=O)(O)OP(=O)(O)O,"InChI=1S/H9O22P7/c1-23(2,3)17-25(7,8)19-27(11,12)21-29(15,16)22-28(13,14)20-26(9,10)18-24(4,5)6/h(H,7,8)(H,9,10)(H,11,12)(H,13,14)(H,15,16)(H2,1,2,3)(H2,4,5,6)"
A1IE4,PENTAKIS(OXIDANYL)-OXIDANYLIDENE-VANADIUM,O[V](=O)(O)(O)(O)O,InChI=1S/5H2O.O.V/h5*1H2;;/q;;;;;;+5/p-5
CQ4,CHROMATE,[O-][Cr](=O)(=O)[O-],InChI=1S/Cr.4O/q;;;2*-1
61D,HYPOIODOUS ACID,OI,InChI=1S/HIO/c1-2/h2H
72I,TETRAIODOMERCURATE(2-),I[Hg-2](I)(I)I,InChI=1S/Hg.4HI/h;4*1H/q+2;;;;/p-4
PSL,PYROSULFATE,[O-]S(=O)(=O)OS(=O)(=O)[O-],"InChI=1S/H2O7S2/c1-8(2,3)7-9(4,5)6/h(H,1,2,3)(H,4,5,6)/p-2"
OS4,OSMIUM 4+ ION,[Os+4],InChI=1S/Os/q+4
MSK,BROKEN FE4S4 CLUSTER,S1[Fe]2S[Fe]3[S+]2[Fe]1[S+]3[Fe],InChI=1S/4Fe.4S/q;;;;;;2*+1
ER2,FE4S4,S1[Fe]2[S]3[Fe][S]4[Fe]1[S]2[Fe]34,InChI=1S/4Fe.4S
35L,IRON/SULFUR CLUSTER,[S][Fe]1[S]2[Fe][S]3[Fe]2[S]1[Fe]3,InChI=1S/4Fe.H2S.3S/h;;;;1H2;;;/q;;;+1;;;;/p-1
IR0,P8W48O184 POLYOXOMETALATE,[O][W]123(O[P]45O[W]67(O[W]89(O[P]%10%11O[W]%12(O1)(O[W]1%13%14(O%10[W]%10(O8)(O1)(O[W]18(O9)(O%11[W](O%12)(O1)(O%13)(O[W]19(O2)(O4[W](O6)(O1)(O8)(O[W]12(O7)(O5[W](O3)(O1)(O9)(O[W]134(O[W]56(O[P]78O1[W]1(O3)(O2)(O[W]2(O7)(O[W]37(O[P]9%11O[W]%12(O5)(O[W]5%13%15(O9[W](O3)(O5)(O[W]35(O7)(O%11[W](O%12)(O3)(O%13)(O[W]3(O6)(O4)(O8[W](O2)(O3)(O1)(O5)[O])[O])[O])[O])(O[W]123(O[W]45(O[P]67O1[W]1(O2)(O%15)(O[W]2(O6)(O[W]68(O[P]9%11O[W]%12(O4)(O[W]4%13%15(O9[W](O6)(O4)(O[W]46(O8)(O%11[W](O%12)(O4)(O%13)(O[W]4(O5)(O3)(O7[W](O2)(O4)(O1)(O6)[O])[O])[O])[O])(O[W]123(O[W]45(O[P]67O1[W]1(O2)(O%15)(O[W]2(O6)(O[W]68(O[P]9%11O[W]%12(O4)(O[W]4%13(O%14)(O9[W](O6)(O4)(O%10)(O[W]46(O8)(O%11[W](O%12)(O4)(O%13)(O[W]4(O5)(O3)(O7[W](O2)(O4)(O1)(O6)[O])[O])[O])[O])[O])[O])([O])[O])([O])[O])([O])[O])[O])([O])[O])[O])[O])[O])([O])[O])([O])[O])([O])[O])[O])([O])[O])[O])[O])[O])([O])[O])([O])[O])([O])[O])[O])([O])[O])[O])[O])[O])[O])[O])[O])[O])[O])[O])([O])[O])([O])[O])([O])[O])[O],"InChI=1S/8HO4P.64H2O.88O.48W/c8*1-5(2,3)4;;;;;;;;;;;;;;;;;;;;;;;;;;;;;;;;;;;;;;;;;;;;;;;;;;;;;;;;;;;;;;;;;;;;;;;;;;;;;;;;;;;;;;;;;;;;;;;;;;;;;;;;;;;;;;;;;;;;;;;;;;;;;;;;;;;;;;;;;;;;;;;;;;;;;;;;;;;;;;;;;;;;;;;;;;;;;;;;;;;;;;;;;;;;;;;;;;;;;;;;/h8*5H;64*1H2;;;;;;;;;;;;;;;;;;;;;;;;;;;;;;;;;;;;;;;;;;;;;;;;;;;;;;;;;;;;;;;;;;;;;;;;;;;;;;;;;;;;;;;;;;;;;;;;;;;;;;;;;;;;;;;;;;;;;;;;;;;;;;;;;;;;;;;;/q8*-2;;;;;;;;;;;;;;;;;;;;;;;;;;;;;;;;;;;;;;;;;;;;;;;;;;;;;;;;;;;;;;;;;;;;;;;;;;;;;;;;;;;;;;;;;;;;;;;;;;;;;;;;;;;;;;;;;;;;;;;;;;;;;;;;;;;;;;;;;;;;;;;;;;;;;;;;;32*+1;16*+3/p-64"
JQJ,POLYOXIDOVANADATE COMPLEX,[O][V]1(O2[V]34(O[V]56(O[V]78(O1[V]91(O7[V]7%10(O8[V]8%11(O7[V]7%12(O8[V]8(O%115)(O6[V]5(O3)(O8[V]3(O7)(O5[V]56(O3[V](O3[V](O%12)(O%10)(O7[V]3(O5)(O3[V]7(O9)(O5[V]2(O1)(O4[V]53(O6)[O])[O])[O])[O])[O])([O])O[V]([O])([O])([O])[O])[O])[O])[O])[O])[O])[O])[O])[O])[O])[O])[O])O[V]([O])([O])([O])[O],InChI=1S/26H2O.28O.20V/h26*1H2;;;;;;;;;;;;;;;;;;;;;;;;;;;;;;;;;;;;;;;;;;;;;;;;/q;;;;;;;;;;;;;;;;;;;;;;;;;;;;;;;;;;;;;;;;;;;;;;;;;;;;;;18*+1;2*+4/p-26
9S8,NON-CUBANE [4FE-4S]-CLUSTER,S1[Fe][S]2[Fe]13S[Fe][S]3[Fe]2,InChI=1S/4Fe.4S
YPT,CIS-DIAMINO(DIIODO)PLATINUM,N[Pt+2](N)([I-])[I-],InChI=1S/2HI.2H2N.Pt/h2*1H;2*1H2;/q;;2*-1;+4/p-2
HZN,HYDRAZINE,NN,InChI=1S/H4N2/c1-2/h1-2H2
ACE,ACETYL GROUP,CC=O,"InChI=1S/C2H4O/c1-2-3/h2H,1H3"
HEX,HEXANE,CCCCCC,"InChI=1S/C6H14/c1-3-5-6-4-2/h3-6H2,1-2H3"
TMA,TETRAMETHYLAMMONIUM ION,C[N+](C)(C)C,"InChI=1S/C4H12N/c1-5(2,3)4/h1-4H3/q+1"
P25,PENTYL TRIHYDROGEN DIPHOSPHATE,CCCCCOP(=O)(O)OP(=O)(O)O,"InChI=1S/C5H14O7P2/c1-2-3-4-5-11-14(9,10)12-13(6,7)8/h2-5H2,1H3,(H,9,10)(H2,6,7,8)"
CCN,ACETONITRILE,CC#N,InChI=1S/C2H3N/c1-2-3/h1H3
PTN,PLATINUM TRIAMINE ION,N.N.N.[Pt+2],InChI=1S/3H3N.Pt/h3*1H3;/q;;;+2
TCN,TETRACYANONICKELATE ION,[C]#N.[C]#N.[C]#N.[C]#N.[Ni-2],InChI=1S/4CN.Ni/c4*1-2;/q;;;;-2
BU1,"1,4-BUTANEDIOL",OCCCCO,"InChI=1S/C4H10O2/c5-3-1-2-4-6/h5-6H,1-4H2"
BCN,BICINE,O=C(O)CN(CCO)CCO,"InChI=1S/C6H13NO4/c8-3-1-7(2-4-9)5-6(10)11/h8-9H,1-5H2,(H,10,11)"
CB3,"10-PROPARGYL-5,8-DIDEAZAFOLIC ACID",C#CCN(Cc1ccc2[nH]c(=N)nc(O)c2c1)c1ccc(C(=O)N[C@@H](CCC(=O)O)C(=O)O)cc1,"InChI=1S/C24H23N5O6/c1-2-11-29(13-14-3-8-18-17(12-14)22(33)28-24(25)27-18)16-6-4-15(5-7-16)21(32)26-19(23(34)35)9-10-20(30)31/h1,3-8,12,19H,9-11,13H2,(H,26,32)(H,30,31)(H,34,35)(H3,25,27,28,33)/t19-/m0/s1"
HCS,2-AMINO-4-MERCAPTO-BUTYRIC ACID,N[C@@H](CCS)C(=O)O,"InChI=1S/C4H9NO2S/c5-3(1-2-8)4(6)7/h3,8H,1-2,5H2,(H,6,7)/t3-/m0/s1"
NBN,N-BUTYL ISOCYANIDE,[C-]#[N+]CCCC,"InChI=1S/C5H9N/c1-3-4-5-6-2/h3-5H2,1H3"
MOH,METHANOL,CO,"InChI=1S/CH4O/c1-2/h2H,1H3"
CAC,CACODYLATE ION,C[As](C)(=O)[O-],"InChI=1S/C2H7AsO2/c1-3(2,4)5/h1-2H3,(H,4,5)/p-1"
MLT,D-MALATE,O=C(O)C[C@@H](O)C(=O)O,"InChI=1S/C4H6O5/c5-2(4(8)9)1-3(6)7/h2,5H,1H2,(H,6,7)(H,8,9)/t2-/m1/s1"
6PH,(1R)-2-(PHOSPHONOOXY)-1-[(TRIDECANOYLOXY)METHYL]ETHYL PENTADECANOATE,CCCCCCCCCCCCCCC(=O)O[C@H](COC(=O)CCCCCCCCCCCC)COP(=O)(O)O,"InChI=1S/C31H61O8P/c1-3-5-7-9-11-13-15-16-18-20-22-24-26-31(33)39-29(28-38-40(34,35)36)27-37-30(32)25-23-21-19-17-14-12-10-8-6-4-2/h29H,3-28H2,1-2H3,(H2,34,35,36)/t29-/m1/s1"
ACM,ACETAMIDE,CC(=N)O,"InChI=1S/C2H5NO/c1-2(3)4/h1H3,(H2,3,4)"
LUT,"(3R,3'R,6S)-4,5-DIDEHYDRO-5,6-DIHYDRO-BETA,BETA-CAROTENE-3,3'-DIOL",CC1=C[C@H](O)CC(C)(C)[C@H]1/C=C/C(C)=C/C=C/C(C)=C/C=C/C=C(C)/C=C/C=C(C)/C=C/C1=C(C)C[C@H](O)CC1(C)C,"InChI=1S/C40H56O2/c1-29(17-13-19-31(3)21-23-37-33(5)25-35(41)27-39(37,7)8)15-11-12-16-30(2)18-14-20-32(4)22-24-38-34(6)26-36(42)28-40(38,9)10/h11-25,35-37,41-42H,26-28H2,1-10H3/b12-11+,17-13+,18-14+,23-21+,24-22+,29-15+,30-16+,31-19+,32-20+/t35-,36-,37-/m0/s1"
PMS,PHENYLMETHANESULFONIC ACID,O=S(=O)(O)Cc1ccccc1,"InChI=1S/C7H8O3S/c8-11(9,10)6-7-4-2-1-3-5-7/h1-5H,6H2,(H,8,9,10)"
SCN,THIOCYANATE ION,N#C[S-],InChI=1S/CHNS/c2-1-3/h3H/p-1
DHB,"3,4-DIHYDROXYBENZOIC ACID",O=C(O)c1ccc(O)c(O)c1,"InChI=1S/C7H6O4/c8-5-2-1-4(7(10)11)3-6(5)9/h1-3,8-9H,(H,10,11)"
13P,"1,3-DIHYDROXYACETONEPHOSPHATE",O=C(CO)COP(=O)(O)O,"InChI=1S/C3H7O6P/c4-1-3(5)2-9-10(6,7)8/h4H,1-2H2,(H2,6,7,8)"
3PG,3-PHOSPHOGLYCERIC ACID,O=C(O)[C@H](O)COP(=O)(O)O,"InChI=1S/C3H7O7P/c4-2(3(5)6)1-10-11(7,8)9/h2,4H,1H2,(H,5,6)(H2,7,8,9)/t2-/m1/s1"
CYC,PHYCOCYANOBILIN,CCC1=C(C)/C(=C/C2=N/C(=C\c3[nH]c(/C=C4\N=C(O)[C@H](C)[C@H]4CC)c(C)c3CCC(=O)O)C(CCC(=O)O)=C2C)N=C1O,"InChI=1S/C33H40N4O6/c1-7-20-19(6)32(42)37-27(20)14-25-18(5)23(10-12-31(40)41)29(35-25)15-28-22(9-11-30(38)39)17(4)24(34-28)13-26-16(3)21(8-2)33(43)36-26/h13-15,19-20,35H,7-12H2,1-6H3,(H,36,43)(H,37,42)(H,38,39)(H,40,41)/b26-13-,27-14-,28-15-/t19-,20-/m1/s1"
BEN,BENZAMIDINE,N=C(N)c1ccccc1,"InChI=1S/C7H8N2/c8-7(9)6-4-2-1-3-5-6/h1-5H,(H3,8,9)"
PHQ,BENZYL CHLOROCARBONATE,O=C(Cl)OCc1ccccc1,"InChI=1S/C8H7ClO2/c9-8(10)11-6-7-4-2-1-3-5-7/h1-5H,6H2"
EPE,4-(2-HYDROXYETHYL)-1-PIPERAZINE ETHANESULFONIC ACID,O=S(=O)(O)CCN1CCN(CCO)CC1,"InChI=1S/C8H18N2O4S/c11-7-5-9-1-3-10(4-2-9)6-8-15(12,13)14/h11H,1-8H2,(H,12,13,14)"
BME,BETA-MERCAPTOETHANOL,OCCS,"InChI=1S/C2H6OS/c3-1-2-4/h3-4H,1-2H2"
ETE,2-{2-[2-2-(METHOXY-ETHOXY)-ETHOXY]-ETHOXY}-ETHANOL,COCCOCCOCCOCCO,"InChI=1S/C9H20O5/c1-11-4-5-13-8-9-14-7-6-12-3-2-10/h10H,2-9H2,1H3"
OES,N-OCTYL-2-HYDROXYETHYL SULFOXIDE,CCCCCCCC[S@@](=O)CCO,"InChI=1S/C10H22O2S/c1-2-3-4-5-6-7-9-13(12)10-8-11/h11H,2-10H2,1H3/t13-/m1/s1"
EAP,2-AMINO-VINYL-PHOSPHATE,N/C=C/OP(=O)(O)O,"InChI=1S/C2H6NO4P/c3-1-2-7-8(4,5)6/h1-2H,3H2,(H2,4,5,6)/b2-1+"
ETX,2-ETHOXYETHANOL,CCOCCO,"InChI=1S/C4H10O2/c1-2-6-4-3-5/h5H,2-4H2,1H3"
BEZ,BENZOIC ACID,O=C(O)c1ccccc1,"InChI=1S/C7H6O2/c8-7(9)6-4-2-1-3-5-6/h1-5H,(H,8,9)"
5AD,5'-DEOXYADENOSINE,C[C@H]1O[C@@H](n2cnc3c(N)ncnc32)[C@H](O)[C@@H]1O,"InChI=1S/C10H13N5O3/c1-4-6(16)7(17)10(18-4)15-3-14-5-8(11)12-2-13-9(5)15/h2-4,6-7,10,16-17H,1H3,(H2,11,12,13)/t4-,6-,7-,10-/m1/s1"
OLA,OLEIC ACID,CCCCCCCC/C=C\CCCCCCCC(=O)O,"InChI=1S/C18H34O2/c1-2-3-4-5-6-7-8-9-10-11-12-13-14-15-16-17-18(19)20/h9-10H,2-8,11-17H2,1H3,(H,19,20)/b10-9-"
CIT,CITRIC ACID,O=C(O)CC(O)(CC(=O)O)C(=O)O,"InChI=1S/C6H8O7/c7-3(8)1-6(13,5(11)12)2-4(9)10/h13H,1-2H2,(H,7,8)(H,9,10)(H,11,12)"
DVT,DECAVANADATE,[O+4].[O+4].[O+].[O+].[O+].[O+].[O-].[O-].[O-].[O-].[O-].[O-].[O-].[O-].[O].[O].[O].[O].[O].[O].[O].[O].[O].[O].[O].[O].[O].[O].[V-].[V-].[V-].[V-].[V-].[V-].[V-].[V-].[V-].[V-],InChI=1S/28O.10V/q;;;;;;;;;;;;;;8*-1;4*+1;2*+4;10*-1
SRT,"S,R MESO-TARTARIC ACID",O=C(O)[C@@H](O)[C@@H](O)C(=O)O,"InChI=1S/C4H6O6/c5-1(3(7)8)2(6)4(9)10/h1-2,5-6H,(H,7,8)(H,9,10)/t1-,2+"
BNZ,BENZENE,c1ccccc1,InChI=1S/C6H6/c1-2-4-6-5-3-1/h1-6H
STE,STEARIC ACID,CCCCCCCCCCCCCCCCCC(=O)O,"InChI=1S/C18H36O2/c1-2-3-4-5-6-7-8-9-10-11-12-13-14-15-16-17-18(19)20/h2-17H2,1H3,(H,19,20)"
PEG,DI(HYDROXYETHYL)ETHER,OCCOCCO,"InChI=1S/C4H10O3/c5-1-3-7-4-2-6/h5-6H,1-4H2"
PGE,TRIETHYLENE GLYCOL,OCCOCCOCCO,"InChI=1S/C6H14O4/c7-1-3-9-5-6-10-4-2-8/h7-8H,1-6H2"
MPO,3[N-MORPHOLINO]PROPANE SULFONIC ACID,O=S(=O)(O)CCCN1CCOCC1,"InChI=1S/C7H15NO4S/c9-13(10,11)7-1-2-8-3-5-12-6-4-8/h1-7H2,(H,9,10,11)"
B3P,"2-[3-(2-HYDROXY-1,1-DIHYDROXYMETHYL-ETHYLAMINO)-PROPYLAMINO]-2-HYDROXYMETHYL-PROPANE-1,3-DIOL",OCC(CO)(CO)NCCCNC(CO)(CO)CO,"InChI=1S/C11H26N2O6/c14-4-10(5-15,6-16)12-2-1-3-13-11(7-17,8-18)9-19/h12-19H,1-9H2"
OGA,N-OXALYLGLYCINE,O=C(O)CNC(=O)C(=O)O,"InChI=1S/C4H5NO5/c6-2(7)1-5-3(8)4(9)10/h1H2,(H,5,8)(H,6,7)(H,9,10)"
IPA,ISOPROPYL ALCOHOL,CC(C)O,"InChI=1S/C3H8O/c1-3(2)4/h3-4H,1-2H3"
EDO,"1,2-ETHANEDIOL",OCCO,"InChI=1S/C2H6O2/c3-1-2-4/h3-4H,1-2H2"
MAC,MERCURY ACETATE ION,CC(=O)[O-].[Hg+2],"InChI=1S/C2H4O2.Hg/c1-2(3)4;/h1H3,(H,3,4);/q;+2/p-1"
9PE,(1R)-2-{[(S)-(2-AMINOETHOXY)(HYDROXY)PHOSPHORYL]OXY}-1-[(HEPTANOYLOXY)METHYL]ETHYL OCTADECANOATE,CCCCCCCCCCCCCCCCCC(=O)O[C@H](COC(=O)CCCCCC)COP(=O)(O)OCCN,"InChI=1S/C30H60NO8P/c1-3-5-7-9-10-11-12-13-14-15-16-17-18-19-21-23-30(33)39-28(27-38-40(34,35)37-25-24-31)26-36-29(32)22-20-8-6-4-2/h28H,3-27,31H2,1-2H3,(H,34,35)/t28-/m1/s1"
IPH,PHENOL,Oc1ccccc1,"InChI=1S/C6H6O/c7-6-4-2-1-3-5-6/h1-5,7H"
MBN,TOLUENE,Cc1ccccc1,"InChI=1S/C7H8/c1-7-5-3-2-4-6-7/h2-6H,1H3"
1PE,PENTAETHYLENE GLYCOL,OCCOCCOCCOCCOCCO,"InChI=1S/C10H22O6/c11-1-3-13-5-7-15-9-10-16-8-6-14-4-2-12/h11-12H,1-10H2"
YF3,2-{[(4-AMINO-2-METHYLPYRIMIDIN-5-YL)METHYL]AMINO}PROPANE-1-THIOL,Cc1ncc(CNC(C)CS)c(=N)[nH]1,"InChI=1S/C9H16N4S/c1-6(5-14)11-3-8-4-12-7(2)13-9(8)10/h4,6,11,14H,3,5H2,1-2H3,(H2,10,12,13)"
PEF,DI-PALMITOYL-3-SN-PHOSPHATIDYLETHANOLAMINE,CCCCCCCCCCCCCCCC(=O)OC[C@H](COP(=O)(O)OCCN)OC(=O)CCCCCCCCCCCCCCC,"InChI=1S/C37H74NO8P/c1-3-5-7-9-11-13-15-17-19-21-23-25-27-29-36(39)43-33-35(34-45-47(41,42)44-32-31-38)46-37(40)30-28-26-24-22-20-18-16-14-12-10-8-6-4-2/h35H,3-34,38H2,1-2H3,(H,41,42)/t35-/m1/s1"
8PE,(2R)-3-{[(S)-(2-AMINOETHOXY)(HYDROXY)PHOSPHORYL]OXY}-2-(TETRADECANOYLOXY)PROPYL OCTADECANOATE,CCCCCCCCCCCCCCCCCC(=O)OC[C@H](COP(=O)(O)OCCN)OC(=O)CCCCCCCCCCCCC,"InChI=1S/C37H74NO8P/c1-3-5-7-9-11-13-15-16-17-18-20-21-23-25-27-29-36(39)43-33-35(34-45-47(41,42)44-32-31-38)46-37(40)30-28-26-24-22-19-14-12-10-8-6-4-2/h35H,3-34,38H2,1-2H3,(H,41,42)/t35-/m1/s1"
DKA,DECANOIC ACID,CCCCCCCCCC(=O)O,"InChI=1S/C10H20O2/c1-2-3-4-5-6-7-8-9-10(11)12/h2-9H2,1H3,(H,11,12)"
GGD,"NONADEC-10-ENOIC ACID
2-[3,4-DIHYDROXY-6-HYDROXYMETHYL-5-(3,4,5-TRIHYDROXY-6-HYDROXYMETHYL-TETRAHYDRO-PYRAN-2-YLOXY)-TETRAHYDRO-PYRAN-2-YLOXY]
-1-OCTADEC-9-ENOYLOXYMETHYL-ETHYL ESTER",CCCCCCCC/C=C/CCCCCCCCC(=O)OC(COC(=O)CCCCCCC/C=C/CCCCCCCC)CO[C@@H]1O[C@H](CO)[C@H](O)[C@H](O[C@@H]2O[C@H](CO)[C@@H](O)[C@H](O)[C@H]2O)[C@H]1O,"InChI=1S/C52H94O15/c1-3-5-7-9-11-13-15-17-19-21-23-25-27-29-31-33-35-44(56)64-40(38-62-43(55)34-32-30-28-26-24-22-20-18-16-14-12-10-8-6-4-2)39-63-51-49(61)50(46(58)42(37-54)65-51)67-52-48(60)47(59)45(57)41(36-53)66-52/h17-20,40-42,45-54,57-61H,3-16,21-39H2,1-2H3/b19-17+,20-18+/t40?,41-,42-,45-,46+,47+,48-,49-,50+,51-,52+/m1/s1"
LHG,"1,2-DIPALMITOYL-PHOSPHATIDYL-GLYCEROLE",CCCCCCCCCCCCCCCC(=O)OC[C@H](COP(=O)(O)OC[C@@H](O)CO)OC(=O)CCCCCCCCCCCCCCC,"InChI=1S/C38H75O10P/c1-3-5-7-9-11-13-15-17-19-21-23-25-27-29-37(41)45-33-36(34-47-49(43,44)46-32-35(40)31-39)48-38(42)30-28-26-24-22-20-18-16-14-12-10-8-6-4-2/h35-36,39-40H,3-34H2,1-2H3,(H,43,44)/t35-,36+/m0/s1"
DGD,DIGALACTOSYL DIACYL GLYCEROL (DGDG),CCCCCCCCCCCCCCCCCC(=O)OC[C@H](CO[C@@H]1O[C@H](CO[C@H]2O[C@H](CO)[C@H](O)[C@H](O)[C@H]2O)[C@H](O)[C@H](O)[C@H]1O)OC(=O)CCCCCCCCCCCCCCCCC,"InChI=1S/C51H96O15/c1-3-5-7-9-11-13-15-17-19-21-23-25-27-29-31-33-42(53)61-36-39(64-43(54)34-32-30-28-26-24-22-20-18-16-14-12-10-8-6-4-2)37-62-50-49(60)47(58)45(56)41(66-50)38-63-51-48(59)46(57)44(55)40(35-52)65-51/h39-41,44-52,55-60H,3-38H2,1-2H3/t39-,40-,41-,44+,45+,46+,47+,48-,49-,50-,51+/m1/s1"
CMO,CARBON MONOXIDE,[C-]#[O+],InChI=1S/CO/c1-2
MLI,MALONATE ION,O=C([O-])CC(=O)[O-],"InChI=1S/C3H4O4/c4-2(5)1-3(6)7/h1H2,(H,4,5)(H,6,7)/p-2"
DTT,"2,3-DIHYDROXY-1,4-DITHIOBUTANE",O[C@@H](CS)[C@@H](O)CS,"InChI=1S/C4H10O2S2/c5-3(1-7)4(6)2-8/h3-8H,1-2H2/t3-,4-/m0/s1"
DOD,DEUTERATED WATER,[2H]O[2H],InChI=1S/H2O/h1H2/i/hD2
7PH,(1R)-2-(DODECANOYLOXY)-1-[(PHOSPHONOOXY)METHYL]ETHYL TETRADECANOATE,CCCCCCCCCCCCCC(=O)O[C@H](COC(=O)CCCCCCCCCCC)COP(=O)(O)O,"InChI=1S/C29H57O8P/c1-3-5-7-9-11-13-14-16-18-20-22-24-29(31)37-27(26-36-38(32,33)34)25-35-28(30)23-21-19-17-15-12-10-8-6-4-2/h27H,3-26H2,1-2H3,(H2,32,33,34)/t27-/m1/s1"
PBM,TRIMETHYL LEAD ION,[CH3].[CH3].[CH3].[Pb+],InChI=1S/3CH3.Pb/h3*1H3;/q;;;+1
FOR,FORMYL GROUP,C=O,InChI=1S/CH2O/c1-2/h1H2
PSC,"(7R,17E,20E)-4-HYDROXY-N,N,N-TRIMETHYL-9-OXO-7-[(PALMITOYLOXY)METHYL]-3,5,8-TRIOXA-4-PHOSPHAHEXACOSA-17,20-DIEN-1-AMINIUM 4-OXIDE",CCCCC/C=C/C/C=C\CCCCCCCC(=O)O[C@H](COC(=O)CCCCCCCCCCCCCCC)COP(=O)(O)OCC[N+](C)(C)C,"InChI=1S/C42H80NO8P/c1-6-8-10-12-14-16-18-20-21-23-25-27-29-31-33-35-42(45)51-40(39-50-52(46,47)49-37-36-43(3,4)5)38-48-41(44)34-32-30-28-26-24-22-19-17-15-13-11-9-7-2/h14,16,20-21,40H,6-13,15,17-19,22-39H2,1-5H3/p+1/b16-14+,21-20-/t40-/m1/s1"
TG1,"OCTANOIC ACID [3S-[3ALPHA, 3ABETA, 4ALPHA, 6BETA, 6ABETA, 7BETA, 8ALPHA(Z),
9BALPHA]]-6-(ACETYLOXY)-2,3,-3A,4,5,6,6A,7,8,9B-DECAHYDRO-3,3A-DIHYDROXY-3,6,9-TRIMETHYL-8-[(2-METHYL-1-OXO-2-BUTENYL)OX
Y]-2-OXO-4-(1-OXOBUTOXY)-AZULENO[4,5-B]FURAN-7-YL ESTER",C/C=C(/C)C(=O)O[C@H]1C(C)=C2[C@H]([C@@H]1OC(=O)CCCCCCC)[C@@](C)(OC(C)=O)C[C@H](OC(=O)CCC)[C@@]1(O)[C@H]2OC(=O)[C@@]1(C)O,"InChI=1S/C34H50O12/c1-9-12-13-14-15-17-24(37)43-28-26-25(20(5)27(28)44-30(38)19(4)11-3)29-34(41,33(8,40)31(39)45-29)22(42-23(36)16-10-2)18-32(26,7)46-21(6)35/h11,22,26-29,40-41H,9-10,12-18H2,1-8H3/b19-11-/t22-,26+,27-,28-,29-,32-,33+,34+/m0/s1"
KAI,3-(CARBOXYMETHYL)-4-ISOPROPENYLPROLINE,C=C(C)[C@H]1CN[C@H](C(=O)O)[C@H]1CC(=O)O,"InChI=1S/C10H15NO4/c1-5(2)7-4-11-9(10(14)15)6(7)3-8(12)13/h6-7,9,11H,1,3-4H2,2H3,(H,12,13)(H,14,15)/t6-,7+,9-/m0/s1"
1PG,2-(2-{2-[2-(2-METHOXY-ETHOXY)-ETHOXY]-ETHOXY}-ETHOXY)-ETHANOL,COCCOCCOCCOCCOCCO,"InChI=1S/C11H24O6/c1-13-4-5-15-8-9-17-11-10-16-7-6-14-3-2-12/h12H,2-11H2,1H3"
DGA,DIACYL GLYCEROL,CCCCCCCCCCCCCCCCCC(=O)OC[C@H](CO)OC(=O)CCCCCCCCCCCCCCCCC,"InChI=1S/C39H76O5/c1-3-5-7-9-11-13-15-17-19-21-23-25-27-29-31-33-38(41)43-36-37(35-40)44-39(42)34-32-30-28-26-24-22-20-18-16-14-12-10-8-6-4-2/h37,40H,3-36H2,1-2H3/t37-/m0/s1"
PE4,2-{2-[2-(2-{2-[2-(2-ETHOXY-ETHOXY)-ETHOXY]-ETHOXY}-ETHOXY)-ETHOXY]-ETHOXY}-ETHANOL,CCOCCOCCOCCOCCOCCOCCOCCO,"InChI=1S/C16H34O8/c1-2-18-5-6-20-9-10-22-13-14-24-16-15-23-12-11-21-8-7-19-4-3-17/h17H,2-16H2,1H3"
ACN,ACETONE,CC(C)=O,InChI=1S/C3H6O/c1-3(2)4/h1-2H3
6UL,TETRACOSYL PALMITATE,CCCCCCCCCCCCCCCCCCCCCCCCOC(=O)CCCCCCCCCCCCCCC,"InChI=1S/C40H80O2/c1-3-5-7-9-11-13-15-17-18-19-20-21-22-23-24-25-27-29-31-33-35-37-39-42-40(41)38-36-34-32-30-28-26-16-14-12-10-8-6-4-2/h3-39H2,1-2H3"
CHT,CHOLINE ION,C[N+](C)(C)CCO,"InChI=1S/C5H14NO/c1-6(2,3)4-5-7/h7H,4-5H2,1-3H3/q+1"
RHD,RHODIUM HEXAMINE ION,N.N.N.N.N.N.[Rh+3],InChI=1S/6H3N.Rh/h6*1H3;/q;;;;;;+3
CPS,3-[(3-CHOLAMIDOPROPYL)DIMETHYLAMMONIO]-1-PROPANESULFONATE,C[C@H](CCC(O)=NCCC[N+](C)(C)CCCS(=O)(=O)[O-])[C@H]1CC[C@H]2[C@@H]3[C@H](O)C[C@@H]4C[C@H](O)CC[C@]4(C)[C@H]3C[C@H](O)[C@]12C,"InChI=1S/C32H58N2O7S/c1-21(8-11-29(38)33-14-6-15-34(4,5)16-7-17-42(39,40)41)24-9-10-25-30-26(20-28(37)32(24,25)3)31(2)13-12-23(35)18-22(31)19-27(30)36/h21-28,30,35-37H,6-20H2,1-5H3,(H-,33,38,39,40,41)/t21-,22+,23-,24-,25+,26+,27-,28+,30+,31+,32-/m1/s1"
MTE,"PHOSPHONIC ACIDMONO-(2-AMINO-5,6-DIMERCAPTO-4-OXO-3,7,8A,9,10,10A-HEXAHYDRO-4H-8-OXA-1,3,9,10-TETRAAZA-ANTHRACEN-7-YLMETHYL)ESTER",N=c1nc(O)c2c([nH]1)N[C@@H]1O[C@H](COP(=O)(O)O)C(S)=C(S)[C@@H]1N2,"InChI=1S/C10H14N5O6PS2/c11-10-14-7-4(8(16)15-10)12-3-6(24)5(23)2(21-9(3)13-7)1-20-22(17,18)19/h2-3,9,12,23-24H,1H2,(H2,17,18,19)(H4,11,13,14,15,16)/t2-,3+,9-/m1/s1"
PC1,"1,2-DIACYL-SN-GLYCERO-3-PHOSPHOCHOLINE",CCCCCCCCCCCCCCCCCC(=O)OC[C@H](COP(=O)([O-])OCC[N+](C)(C)C)OC(=O)CCCCCCCCCCCCCCCCC,"InChI=1S/C44H88NO8P/c1-6-8-10-12-14-16-18-20-22-24-26-28-30-32-34-36-43(46)50-40-42(41-52-54(48,49)51-39-38-45(3,4)5)53-44(47)37-35-33-31-29-27-25-23-21-19-17-15-13-11-9-7-2/h42H,6-41H2,1-5H3/t42-/m1/s1"
HC4,4'-HYDROXYCINNAMIC ACID,O=C(O)/C=C/c1ccc(O)cc1,"InChI=1S/C9H8O3/c10-8-4-1-7(2-5-8)3-6-9(11)12/h1-6,10H,(H,11,12)/b6-3+"
TEA,TRIETHYLAMMONIUM ION,CC[NH+](CC)CC,"InChI=1S/C6H15N/c1-4-7(5-2)6-3/h4-6H2,1-3H3/p+1"
BOG,OCTYL BETA-D-GLUCOPYRANOSIDE,CCCCCCCCO[C@@H]1O[C@H](CO)[C@@H](O)[C@H](O)[C@H]1O,"InChI=1S/C14H28O6/c1-2-3-4-5-6-7-8-19-14-13(18)12(17)11(16)10(9-15)20-14/h10-18H,2-9H2,1H3/t10-,11-,12+,13-,14-/m1/s1"
PE5,"3,6,9,12,15,18,21,24-OCTAOXAHEXACOSAN-1-OL",CCOCCOCCOCCOCCOCCOCCOCCOCCO,"InChI=1S/C18H38O9/c1-2-20-5-6-22-9-10-24-13-14-26-17-18-27-16-15-25-12-11-23-8-7-21-4-3-19/h19H,2-18H2,1H3"
144,TRIS-HYDROXYMETHYL-METHYL-AMMONIUM,C[N+](CO)(CO)CO,"InChI=1S/C4H12NO3/c1-5(2-6,3-7)4-8/h6-8H,2-4H2,1H3/q+1"
LMG,"1,2-DISTEAROYL-MONOGALACTOSYL-DIGLYCERIDE",CCCCCCCCCCCCCCCCCC(=O)OC[C@H](CO[C@@H]1O[C@H](CO)[C@H](O)[C@H](O)[C@H]1O)OC(=O)CCCCCCCCCCCCCCCCC,"InChI=1S/C45H86O10/c1-3-5-7-9-11-13-15-17-19-21-23-25-27-29-31-33-40(47)52-36-38(37-53-45-44(51)43(50)42(49)39(35-46)55-45)54-41(48)34-32-30-28-26-24-22-20-18-16-14-12-10-8-6-4-2/h38-39,42-46,49-51H,3-37H2,1-2H3/t38-,39-,42+,43+,44-,45-/m1/s1"
SQU,"2,10,23-TRIMETHYL-TETRACOSANE",CC(C)CCCCCCCCCCCC[C@@H](C)CCCCCCCC(C)C,"InChI=1S/C27H56/c1-25(2)21-17-13-10-8-6-7-9-11-15-19-23-27(5)24-20-16-12-14-18-22-26(3)4/h25-27H,6-24H2,1-5H3/t27-/m1/s1"
MMC,METHYL MERCURY ION,[CH3].[Hg+],InChI=1S/CH3.Hg/h1H3;/q;+1
GOL,GLYCEROL,OCC(O)CO,"InChI=1S/C3H8O3/c4-1-3(6)2-5/h3-6H,1-2H2"
NVP,"11-CYCLOPROPYL-5,11-DIHYDRO-4-METHYL-6H-DIPYRIDO[3,2-B:2',3'-E][1,4]DIAZEPIN-6-ONE",Cc1ccnc2c1N=C(O)c1cccnc1N2C1CC1,"InChI=1S/C15H14N4O/c1-9-6-8-17-14-12(9)18-15(20)11-3-2-7-16-13(11)19(14)10-4-5-10/h2-3,6-8,10H,4-5H2,1H3,(H,18,20)"
3PH,"1,2-DIACYL-GLYCEROL-3-SN-PHOSPHATE",CCCCCCCCCCCCCCCCCC(=O)OC[C@H](COP(=O)(O)O)OC(=O)CCCCCCCCCCCCCCCCC,"InChI=1S/C39H77O8P/c1-3-5-7-9-11-13-15-17-19-21-23-25-27-29-31-33-38(40)45-35-37(36-46-48(42,43)44)47-39(41)34-32-30-28-26-24-22-20-18-16-14-12-10-8-6-4-2/h37H,3-36H2,1-2H3,(H2,42,43,44)/t37-/m1/s1"
PGO,"S-1,2-PROPANEDIOL",C[C@H](O)CO,"InChI=1S/C3H8O2/c1-3(5)2-4/h3-5H,2H2,1H3/t3-/m0/s1"
ICT,ISOCITRIC ACID,O=C(O)C[C@H](C(=O)O)[C@@H](O)C(=O)O,"InChI=1S/C6H8O7/c7-3(8)1-2(5(10)11)4(9)6(12)13/h2,4,9H,1H2,(H,7,8)(H,10,11)(H,12,13)/t2-,4+/m0/s1"
BCR,BETA-CAROTENE,CC1=C(/C=C/C(C)=C/C=C/C(C)=C/C=C/C=C(C)/C=C/C=C(C)/C=C/C2=C(C)CCCC2(C)C)C(C)(C)CCC1,"InChI=1S/C40H56/c1-31(19-13-21-33(3)25-27-37-35(5)23-15-29-39(37,7)8)17-11-12-18-32(2)20-14-22-34(4)26-28-38-36(6)24-16-30-40(38,9)10/h11-14,17-22,25-28H,15-16,23-24,29-30H2,1-10H3/b12-11+,19-13+,20-14+,27-25+,28-26+,31-17+,32-18+,33-21+,34-22+"
PG4,TETRAETHYLENE GLYCOL,OCCOCCOCCOCCO,"InChI=1S/C8H18O5/c9-1-3-11-5-7-13-8-6-12-4-2-10/h9-10H,1-8H2"
L4P,"3-[GLYCEROLYLPHOSPHONYL]-[1,2-DI-PHYTANYL]GLYCEROL",CC(C)CCCC(C)CCCC(C)CCC[C@@H](C)CCO[C@@H](COCC[C@H](C)CCC[C@H](C)CCC[C@H](C)CCCC(C)C)COP(=O)(O)OC[C@H](O)CO,"InChI=1S/C46H95O8P/c1-37(2)17-11-19-39(5)21-13-23-41(7)25-15-27-43(9)29-31-51-35-46(36-54-55(49,50)53-34-45(48)33-47)52-32-30-44(10)28-16-26-42(8)24-14-22-40(6)20-12-18-38(3)4/h37-48H,11-36H2,1-10H3,(H,49,50)/t39-,40?,41-,42?,43-,44-,45-,46+/m1/s1"
OPC,"(7R,17E)-4-HYDROXY-N,N,N,7-TETRAMETHYL-7-[(8E)-OCTADEC-8-ENOYLOXY]-10-OXO-3,5,9-TRIOXA-4-PHOSPHAHEPTACOS-17-EN-1-AMINIUM 4-OXIDE",CCCCCCCCC/C=C\CCCCCCC(=O)OC[C@](C)(COP(=O)(O)OCC[N+](C)(C)C)OC(=O)CCCCCC/C=C/CCCCCCCCC,"InChI=1S/C45H86NO8P/c1-7-9-11-13-15-17-19-21-23-25-27-29-31-33-35-37-43(47)51-41-45(3,42-53-55(49,50)52-40-39-46(4,5)6)54-44(48)38-36-34-32-30-28-26-24-22-20-18-16-14-12-10-8-2/h23-26H,7-22,27-42H2,1-6H3/p+1/b25-23-,26-24+/t45-/m1/s1"
OXM,OXAMIC ACID,NC(=O)C(=O)O,"InChI=1S/C2H3NO3/c3-1(4)2(5)6/h(H2,3,4)(H,5,6)"
SQD,"1,2-DI-O-ACYL-3-O-[6-DEOXY-6-SULFO-ALPHA-D-GLUCOPYRANOSYL]-SN-GLYCEROL",CCCCCCCCCCCCCCCC(=O)OC[C@H](CO[C@H]1O[C@H](CS(=O)(=O)O)[C@@H](O)[C@H](O)[C@H]1O)OC(=O)CCCCCCCCCCCCCCC,"InChI=1S/C41H78O12S/c1-3-5-7-9-11-13-15-17-19-21-23-25-27-29-36(42)50-31-34(32-51-41-40(46)39(45)38(44)35(53-41)33-54(47,48)49)52-37(43)30-28-26-24-22-20-18-16-14-12-10-8-6-4-2/h34-35,38-41,44-46H,3-33H2,1-2H3,(H,47,48,49)/t34-,35-,38-,39+,40-,41+/m1/s1"
PQ9,"5-[(2E,6E,10E,14E,18E,22E)-3,7,11,15,19,23,27-HEPTAMETHYLOCTACOSA-2,6,10,14,18,22,26-HEPTAENYL]-2,3-DIMETHYLBENZO-1,4-QUINONE",CC(C)=CCC/C(C)=C/CC/C(C)=C/CC/C(C)=C/CC/C(C)=C/CC/C(C)=C/CC/C(C)=C/CC1=CC(=O)C(C)=C(C)C1=O,"InChI=1S/C43H64O2/c1-32(2)17-11-18-33(3)19-12-20-34(4)21-13-22-35(5)23-14-24-36(6)25-15-26-37(7)27-16-28-38(8)29-30-41-31-42(44)39(9)40(10)43(41)45/h17,19,21,23,25,27,29,31H,11-16,18,20,22,24,26,28,30H2,1-10H3/b33-19+,34-21+,35-23+,36-25+,37-27+,38-29+"
PL9,"2,3-DIMETHYL-5-(3,7,11,15,19,23,27,31,35-NONAMETHYL-2,6,10,14,18,22,26,30,34-HEXATRIACONTANONAENYL-2,5-CYCLOHEXADIENE-1,4-DIONE-2,3-DIMETHYL-5-SOLANESYL-1,4-BENZOQUINONE",CC(C)=CCCC(C)=CCCC(C)=CCCC(C)=CCCC(C)=CCCC(C)=CCCC(C)=CCCC(C)=CCCC(C)=CCC1=CC(=O)C(C)=C(C)C1=O,"InChI=1S/C53H80O2/c1-40(2)21-13-22-41(3)23-14-24-42(4)25-15-26-43(5)27-16-28-44(6)29-17-30-45(7)31-18-32-46(8)33-19-34-47(9)35-20-36-48(10)37-38-51-39-52(54)49(11)50(12)53(51)55/h21,23,25,27,29,31,33,35,37,39H,13-20,22,24,26,28,30,32,34,36,38H2,1-12H3"
IRI,IRIDIUM HEXAMMINE ION,N.N.N.N.N.N.[Ir+3],InChI=1S/Ir.6H3N/h;6*1H3/q+3;;;;;;
15P,POLYETHYLENE GLYCOL (N=34),COCCOCCOCCOCCOCCOCCOCCOCCOCCOCCOCCOCCOCCOCCOCCOCCOCCOCCOCCOCCOCCOCCOCCOCCOCCOCCOCCOCCOCCOCCOCCOCCOCCOCCO,"InChI=1S/C69H140O35/c1-71-4-5-73-8-9-75-12-13-77-16-17-79-20-21-81-24-25-83-28-29-85-32-33-87-36-37-89-40-41-91-44-45-93-48-49-95-52-53-97-56-57-99-60-61-101-64-65-103-68-69-104-67-66-102-63-62-100-59-58-98-55-54-96-51-50-94-47-46-92-43-42-90-39-38-88-35-34-86-31-30-84-27-26-82-23-22-80-19-18-78-15-14-76-11-10-74-7-6-72-3-2-70/h70H,2-69H2,1H3"
MAE,MALEIC ACID,O=C(O)/C=C\C(=O)O,"InChI=1S/C4H4O4/c5-3(6)1-2-4(7)8/h1-2H,(H,5,6)(H,7,8)/b2-1-"
MBO,MERCURIBENZOIC ACID,O=C(O)C1=CC=C=C[CH]1.[Hg],"InChI=1S/C7H5O2.Hg/c8-7(9)6-4-2-1-3-5-6;/h2-5H,(H,8,9);"
FMT,FORMIC ACID,O=CO,"InChI=1S/CH2O2/c2-1-3/h1H,(H,2,3)"
L1P,"3-PHOSPHORYL-[1,2-DI-PHYTANYL]GLYCEROL",CC(C)CCC[C@@H](C)CCC[C@@H](C)CCC[C@@H](C)CCOC[C@@H](COP(=O)(O)O)OCC[C@H](C)CCC[C@H](C)CCC[C@H](C)CCCC(C)C,"InChI=1S/C43H89O6P/c1-35(2)17-11-19-37(5)21-13-23-39(7)25-15-27-41(9)29-31-47-33-43(34-49-50(44,45)46)48-32-30-42(10)28-16-26-40(8)24-14-22-38(6)20-12-18-36(3)4/h35-43H,11-34H2,1-10H3,(H2,44,45,46)/t37-,38-,39-,40-,41-,42-,43+/m1/s1"
DUD,DEOXYURIDINE-5'-DIPHOSPHATE,O=c1nc(O)ccn1[C@H]1C[C@H](O)[C@@H](COP(=O)(O)OP(=O)(O)O)O1,"InChI=1S/C9H14N2O11P2/c12-5-3-8(11-2-1-7(13)10-9(11)14)21-6(5)4-20-24(18,19)22-23(15,16)17/h1-2,5-6,8,12H,3-4H2,(H,18,19)(H,10,13,14)(H2,15,16,17)/t5-,6+,8+/m0/s1"
PGV,"(1R)-2-{[{[(2S)-2,3-DIHYDROXYPROPYL]OXY}(HYDROXY)PHOSPHORYL]OXY}-1-[(PALMITOYLOXY)METHYL]ETHYL (11E)-OCTADEC-11-ENOATE",CCCCCC/C=C\CCCCCCCCCC(=O)O[C@H](COC(=O)CCCCCCCCCCCCCCC)COP(=O)(O)OC[C@@H](O)CO,"InChI=1S/C40H77O10P/c1-3-5-7-9-11-13-15-17-18-20-22-24-26-28-30-32-40(44)50-38(36-49-51(45,46)48-34-37(42)33-41)35-47-39(43)31-29-27-25-23-21-19-16-14-12-10-8-6-4-2/h13,15,37-38,41-42H,3-12,14,16-36H2,1-2H3,(H,45,46)/b15-13-/t37-,38+/m0/s1"
P33,"3,6,9,12,15,18-HEXAOXAICOSANE-1,20-DIOL",OCCOCCOCCOCCOCCOCCOCCO,"InChI=1S/C14H30O8/c15-1-3-17-5-7-19-9-11-21-13-14-22-12-10-20-8-6-18-4-2-16/h15-16H,1-14H2"
DTU,"(2R,3S)-1,4-DIMERCAPTOBUTANE-2,3-DIOL",O[C@H](CS)[C@@H](O)CS,"InChI=1S/C4H10O2S2/c5-3(1-7)4(6)2-8/h3-8H,1-2H2/t3-,4+"
XAT,"(3S,5R,6S,3'S,5'R,6'S)-5,6,5',6'-DIEPOXY-5,6,5',6'- TETRAHYDRO-BETA,BETA-CAROTENE-3,3'-DIOL",CC(/C=C/C=C(C)/C=C/[C@@]12O[C@]1(C)C[C@@H](O)CC2(C)C)=C\C=C\C=C(C)\C=C\C=C(C)\C=C\[C@@]12O[C@]1(C)C[C@@H](O)CC2(C)C,"InChI=1S/C40H56O4/c1-29(17-13-19-31(3)21-23-39-35(5,6)25-33(41)27-37(39,9)43-39)15-11-12-16-30(2)18-14-20-32(4)22-24-40-36(7,8)26-34(42)28-38(40,10)44-40/h11-24,33-34,41-42H,25-28H2,1-10H3/b12-11+,17-13+,18-14+,23-21+,24-22+,29-15+,30-16+,31-19+,32-20+/t33-,34-,37+,38+,39-,40-/m0/s1"
THE,THREONATE ION,O=C([O-])[C@@H](O)[C@H](O)CO,"InChI=1S/C4H8O5/c5-1-2(6)3(7)4(8)9/h2-3,5-7H,1H2,(H,8,9)/p-1/t2-,3+/m1/s1"
NA,SODIUM ION,[Na+],InChI=1S/Na/q+1
BHG,HEXYL BETA-D-GALACTOPYRANOSIDE,CCCCCCO[C@@H]1O[C@H](CO)[C@H](O)[C@H](O)[C@H]1O,"InChI=1S/C12H24O6/c1-2-3-4-5-6-17-12-11(16)10(15)9(14)8(7-13)18-12/h8-16H,2-7H2,1H3/t8-,9+,10+,11-,12-/m1/s1"
OCT,N-OCTANE,CCCCCCCC,"InChI=1S/C8H18/c1-3-5-7-8-6-4-2/h3-8H2,1-2H3"
BET,TRIMETHYL GLYCINE,C[N+](C)(C)CC(=O)O,"InChI=1S/C5H11NO2/c1-6(2,3)4-5(7)8/h4H2,1-3H3/p+1"
MPD,"(4S)-2-METHYL-2,4-PENTANEDIOL",C[C@H](O)CC(C)(C)O,"InChI=1S/C6H14O2/c1-5(7)4-6(2,3)8/h5,7-8H,4H2,1-3H3/t5-/m0/s1"
HTO,"HEPTANE-1,2,3-TRIOL",CCCC[C@@H](O)[C@H](O)CO,"InChI=1S/C7H16O3/c1-2-3-4-6(9)7(10)5-8/h6-10H,2-5H2,1H3/t6-,7-/m1/s1"
IBM,3-ISOBUTYL-1-METHYLXANTHINE,CC(C)Cn1c(=O)n(C)c(=O)c2nc[nH]c21,"InChI=1S/C10H14N4O2/c1-6(2)4-14-8-7(11-5-12-8)9(15)13(3)10(14)16/h5-6H,4H2,1-3H3,(H,11,12)"
D01,"2-({4-[(5-CHLORO-1H-INDOL-2-YL)SULFONYL]PIPERAZIN-1-YL}CARBONYL)THIENO[3,2-B]PYRIDINE 4-OXIDE",O=C(c1cc2c(ccc[n+]2[O-])s1)N1CCN(S(=O)(=O)c2cc3cc(Cl)ccc3[nH]2)CC1,"InChI=1S/C20H17ClN4O4S2/c21-14-3-4-15-13(10-14)11-19(22-15)31(28,29)24-8-6-23(7-9-24)20(26)18-12-16-17(30-18)2-1-5-25(16)27/h1-5,10-12,22H,6-9H2"
HAI,CYCLOHEXYLAMMONIUM ION,[NH3+]C1CCCCC1,"InChI=1S/C6H13N/c7-6-4-2-1-3-5-6/h6H,1-5,7H2/p+1"
HED,2-HYDROXYETHYL DISULFIDE,OCCSSCCO,"InChI=1S/C4H10O2S2/c5-1-3-7-8-4-2-6/h5-6H,1-4H2"
CAD,CACODYLIC ACID,C[As](C)(=O)O,"InChI=1S/C2H7AsO2/c1-3(2,4)5/h1-2H3,(H,4,5)"
TLA,L(+)-TARTARIC ACID,O=C(O)[C@H](O)[C@@H](O)C(=O)O,"InChI=1S/C4H6O6/c5-1(3(7)8)2(6)4(9)10/h1-2,5-6H,(H,7,8)(H,9,10)/t1-,2-/m1/s1"
ETF,TRIFLUOROETHANOL,OCC(F)(F)F,"InChI=1S/C2H3F3O/c3-2(4,5)1-6/h6H,1H2"
MRD,"(4R)-2-METHYLPENTANE-2,4-DIOL",C[C@@H](O)CC(C)(C)O,"InChI=1S/C6H14O2/c1-5(7)4-6(2,3)8/h5,7-8H,4H2,1-3H3/t5-/m1/s1"
PHB,P-HYDROXYBENZOIC ACID,O=C(O)c1ccc(O)cc1,"InChI=1S/C7H6O3/c8-6-3-1-5(2-4-6)7(9)10/h1-4,8H,(H,9,10)"
URE,UREA,N=C(N)O,"InChI=1S/CH4N2O/c2-1(3)4/h(H4,2,3,4)"
MLA,MALONIC ACID,O=C(O)CC(=O)O,"InChI=1S/C3H4O4/c4-2(5)1-3(6)7/h1H2,(H,4,5)(H,6,7)"
TGL,TRISTEAROYLGLYCEROL,CCCCCCCCCCCCCCCCCC(=O)OCC(COC(=O)CCCCCCCCCCCCCCCCC)OC(=O)CCCCCCCCCCCCCCCCC,"InChI=1S/C57H110O6/c1-4-7-10-13-16-19-22-25-28-31-34-37-40-43-46-49-55(58)61-52-54(63-57(60)51-48-45-42-39-36-33-30-27-24-21-18-15-12-9-6-3)53-62-56(59)50-47-44-41-38-35-32-29-26-23-20-17-14-11-8-5-2/h54H,4-53H2,1-3H3"
PLM,PALMITIC ACID,CCCCCCCCCCCCCCCC(=O)O,"InChI=1S/C16H32O2/c1-2-3-4-5-6-7-8-9-10-11-12-13-14-15-16(17)18/h2-15H2,1H3,(H,17,18)"
NET,TETRAETHYLAMMONIUM ION,CC[N+](CC)(CC)CC,"InChI=1S/C8H20N/c1-5-9(6-2,7-3)8-4/h5-8H2,1-4H3/q+1"
LAC,LACTIC ACID,C[C@@H](O)C(=O)O,"InChI=1S/C3H6O3/c1-2(4)3(5)6/h2,4H,1H3,(H,5,6)/t2-/m1/s1"
AUC,GOLD (I) CYANIDE ION,[Au].[C]#N.[C]#N,InChI=1S/2CN.Au/c2*1-2;
DMS,DIMETHYL SULFOXIDE,CS(C)=O,InChI=1S/C2H6OS/c1-4(2)3/h1-2H3
NHE,2-[N-CYCLOHEXYLAMINO]ETHANE SULFONIC ACID,O=S(=O)(O)CCNC1CCCCC1,"InChI=1S/C8H17NO3S/c10-13(11,12)7-6-9-8-4-2-1-3-5-8/h8-9H,1-7H2,(H,10,11,12)"
HAE,ACETOHYDROXAMIC ACID,CC(O)=NO,"InChI=1S/C2H5NO2/c1-2(4)3-5/h5H,1H3,(H,3,4)"
DAO,LAURIC ACID,CCCCCCCCCCCC(=O)O,"InChI=1S/C12H24O2/c1-2-3-4-5-6-7-8-9-10-11-12(13)14/h2-11H2,1H3,(H,13,14)"
3PE,"1,2-DISTEAROYL-SN-GLYCEROPHOSPHOETHANOLAMINE",CCCCCCCCCCCCCCCCCC(=O)OC[C@H](COP(=O)(O)OCCN)OC(=O)CCCCCCCCCCCCCCCCC,"InChI=1S/C41H82NO8P/c1-3-5-7-9-11-13-15-17-19-21-23-25-27-29-31-33-40(43)47-37-39(38-49-51(45,46)48-36-35-42)50-41(44)34-32-30-28-26-24-22-20-18-16-14-12-10-8-6-4-2/h39H,3-38,42H2,1-2H3,(H,45,46)/t39-/m1/s1"
LMU,DODECYL-ALPHA-D-MALTOSIDE,CCCCCCCCCCCCO[C@H]1O[C@H](CO)[C@@H](O[C@H]2O[C@H](CO)[C@@H](O)[C@H](O)[C@H]2O)[C@H](O)[C@H]1O,"InChI=1S/C24H46O11/c1-2-3-4-5-6-7-8-9-10-11-12-32-23-21(31)19(29)22(16(14-26)34-23)35-24-20(30)18(28)17(27)15(13-25)33-24/h15-31H,2-14H2,1H3/t15-,16-,17-,18+,19-,20-,21-,22-,23+,24-/m1/s1"
DHJ,4-(2-CARBOXYETHYL)(HYDROXY)PHOSPHORYL]-3-OXOBUTANOIC ACID,O=C(O)CCP(=O)(O)CC(=O)CC(=O)O,"InChI=1S/C7H11O7P/c8-5(3-7(11)12)4-15(13,14)2-1-6(9)10/h1-4H2,(H,9,10)(H,11,12)(H,13,14)"
FLC,CITRATE ANION,O=C([O-])CC(O)(CC(=O)[O-])C(=O)[O-],"InChI=1S/C6H8O7/c7-3(8)1-6(13,5(11)12)2-4(9)10/h13H,1-2H2,(H,7,8)(H,9,10)(H,11,12)/p-3"
SAL,2-HYDROXYBENZOIC ACID,O=C(O)c1ccccc1O,"InChI=1S/C7H6O3/c8-6-4-2-1-3-5(6)7(9)10/h1-4,8H,(H,9,10)"
GAI,GUANIDINE,N=C(N)N,"InChI=1S/CH5N3/c2-1(3)4/h(H5,2,3,4)"
ORO,OROTIC ACID,O=C(O)c1cc(O)nc(O)n1,"InChI=1S/C5H4N2O4/c8-3-1-2(4(9)10)6-5(11)7-3/h1H,(H,9,10)(H2,6,7,8,11)"
HEZ,"HEXANE-1,6-DIOL",OCCCCCCO,"InChI=1S/C6H14O2/c7-5-3-1-2-4-6-8/h7-8H,1-6H2"
TAM,TRIS(HYDROXYETHYL)AMINOMETHANE,NC(CCO)(CCO)CCO,"InChI=1S/C7H17NO3/c8-7(1-4-9,2-5-10)3-6-11/h9-11H,1-6,8H2"
TRA,ACONITATE ION,O=C([O-])/C=C(\CC(=O)[O-])C(=O)[O-],"InChI=1S/C6H6O6/c7-4(8)1-3(6(11)12)2-5(9)10/h1H,2H2,(H,7,8)(H,9,10)(H,11,12)/p-3/b3-1+"
NEX,"(1R,3R)-6-{(3E,5E,7E,9E,11E,13E,15E,17E)-18-[(1S,4R,6R)-4-HYDROXY-2,2,6-TRIMETHYL-7-OXABICYCLO[4.1.0]HEPT-1-YL]-3,7,12,16-TETRAMETHYLOCTADECA-1,3,5,7,9,11,13,15,17-NONAENYLIDENE}-1,5,5-TRIMETHYLCYCLOHEXANE-1,3-DIOL",CC(=C/C=C/C(C)=C/C=C/C=C(C)/C=C/C=C(\C)C=C=C1C(C)(C)C[C@H](O)C[C@@]1(C)O)/C=C/[C@@]12O[C@]1(C)C[C@@H](O)CC2(C)C,"InChI=1S/C40H56O4/c1-29(17-13-19-31(3)21-22-35-36(5,6)25-33(41)27-38(35,9)43)15-11-12-16-30(2)18-14-20-32(4)23-24-40-37(7,8)26-34(42)28-39(40,10)44-40/h11-21,23-24,33-34,41-43H,25-28H2,1-10H3/b12-11+,17-13+,18-14+,24-23+,29-15+,30-16+,31-19+,32-20-/t22-,33-,34-,38+,39+,40-/m0/s1"
CXS,3-CYCLOHEXYL-1-PROPYLSULFONIC ACID,O=S(=O)(O)CCCNC1CCCCC1,"InChI=1S/C9H19NO3S/c11-14(12,13)8-4-7-10-9-5-2-1-3-6-9/h9-10H,1-8H2,(H,11,12,13)"
ACY,ACETIC ACID,CC(=O)O,"InChI=1S/C2H4O2/c1-2(3)4/h1H3,(H,3,4)"
12P,DODECAETHYLENE GLYCOL,OCCOCCOCCOCCOCCOCCOCCOCCOCCOCCOCCOCCO,"InChI=1S/C24H50O13/c25-1-3-27-5-7-29-9-11-31-13-15-33-17-19-35-21-23-37-24-22-36-20-18-34-16-14-32-12-10-30-8-6-28-4-2-26/h25-26H,1-24H2"
L3P,"2,3-DI-O-PHYTANLY-3-SN-GLYCERO-1-PHOSPHORYL-3'-SN-GLYCEROL-1'-PHOSPHATE",CC(C)CCCC(C)CCC[C@@H](C)CCC[C@@H](C)CCOC[C@@H](COP(=O)(O)OC[C@H](O)COP(=O)([O-])[O-])OCC[C@H](C)CCC[C@H](C)CCCC(C)CCCC(C)C,"InChI=1S/C46H96O11P2/c1-37(2)17-11-19-39(5)21-13-23-41(7)25-15-27-43(9)29-31-53-35-46(36-57-59(51,52)56-34-45(47)33-55-58(48,49)50)54-32-30-44(10)28-16-26-42(8)24-14-22-40(6)20-12-18-38(3)4/h37-47H,11-36H2,1-10H3,(H,51,52)(H2,48,49,50)/p-2/t39?,40?,41-,42-,43-,44-,45-,46+/m1/s1"
PUT,"1,4-DIAMINOBUTANE",NCCCCN,InChI=1S/C4H12N2/c5-3-1-2-4-6/h1-6H2
GUN,GUANINE,N=c1nc(O)c2nc[nH]c2[nH]1,"InChI=1S/C5H5N5O/c6-5-9-3-2(4(11)10-5)7-1-8-3/h1H,(H4,6,7,8,9,10,11)"
EMC,ETHYL MERCURY ION,[CH2]C.[Hg+],"InChI=1S/C2H5.Hg/c1-2;/h1H2,2H3;/q;+1"
BNG,NONYL BETA-D-GLUCOPYRANOSIDE,CCCCCCCCCO[C@@H]1O[C@H](CO)[C@@H](O)[C@H](O)[C@H]1O,"InChI=1S/C15H30O6/c1-2-3-4-5-6-7-8-9-20-15-14(19)13(18)12(17)11(10-16)21-15/h11-19H,2-10H2,1H3/t11-,12-,13+,14-,15-/m1/s1"
CYN,CYANIDE ION,[C-]#N,InChI=1S/CN/c1-2/q-1
P22,ETHYL DIHYDROGEN DIPHOSPHATE,CCOP(=O)(O)OP(=O)(O)O,"InChI=1S/C2H8O7P2/c1-2-8-11(6,7)9-10(3,4)5/h2H2,1H3,(H,6,7)(H2,3,4,5)"
1AG,"(2S)-2,3-DIHYDROXYPROPYL (5Z,8Z,11Z,14Z)-ICOSA-5,8,11,14-TETRAENOATE",CCCCC/C=C\C/C=C\C/C=C\C/C=C\CCCC(=O)OC[C@@H](O)CO,"InChI=1S/C23H38O4/c1-2-3-4-5-6-7-8-9-10-11-12-13-14-15-16-17-18-19-23(26)27-21-22(25)20-24/h6-7,9-10,12-13,15-16,22,24-25H,2-5,8,11,14,17-21H2,1H3/b7-6-,10-9-,13-12-,16-15-/t22-/m0/s1"
IPL,INDOLE-3-PROPANOL PHOSPHATE,O=P(O)(O)OCCCc1c[nH]c2ccccc12,"InChI=1S/C11H14NO4P/c13-17(14,15)16-7-3-4-9-8-12-11-6-2-1-5-10(9)11/h1-2,5-6,8,12H,3-4,7H2,(H2,13,14,15)"
PG6,1-(2-METHOXY-ETHOXY)-2-{2-[2-(2-METHOXY-ETHOXY]-ETHOXY}-ETHANE,COCCOCCOCCOCCOCCOC,"InChI=1S/C12H26O6/c1-13-3-5-15-7-9-17-11-12-18-10-8-16-6-4-14-2/h3-12H2,1-2H3"
F09,NONAN-1-OL,CCCCCCCCCO,"InChI=1S/C9H20O/c1-2-3-4-5-6-7-8-9-10/h10H,2-9H2,1H3"
TRS,"2-AMINO-2-HYDROXYMETHYL-PROPANE-1,3-DIOL",[NH3+]C(CO)(CO)CO,"InChI=1S/C4H11NO3/c5-4(1-6,2-7)3-8/h6-8H,1-3,5H2/p+1"
EOH,ETHANOL,CCO,"InChI=1S/C2H6O/c1-2-3/h3H,2H2,1H3"
GCP,PHOSPHOMETHYLPHOSPHONIC ACID GUANYLATE ESTER,N=c1nc(O)c2ncn([C@@H]3O[C@H](COP(=O)(O)OP(=O)(O)CP(=O)(O)O)[C@@H](O)[C@H]3O)c2[nH]1,"InChI=1S/C11H18N5O13P3/c12-11-14-8-5(9(19)15-11)13-2-16(8)10-7(18)6(17)4(28-10)1-27-32(25,26)29-31(23,24)3-30(20,21)22/h2,4,6-7,10,17-18H,1,3H2,(H,23,24)(H,25,26)(H2,20,21,22)(H3,12,14,15,19)/t4-,6-,7-,10-/m1/s1"
MSE,SELENOMETHIONINE,C[Se]CC[C@H](N)C(=O)O,"InChI=1S/C5H11NO2Se/c1-9-3-2-4(6)5(7)8/h4H,2-3,6H2,1H3,(H,7,8)/t4-/m0/s1"
AKR,ACRYLIC ACID,C=CC(=O)O,"InChI=1S/C3H4O2/c1-2-3(4)5/h2H,1H2,(H,4,5)"
L2P,"2,3-DI-PHYTANYL-GLYCEROL",CC(C)CCC[C@@H](C)CCC[C@@H](C)CCC[C@@H](C)CCOC[C@@H](CO)OCC[C@H](C)CCC[C@H](C)CCC[C@H](C)CCCC(C)C,"InChI=1S/C43H88O3/c1-35(2)17-11-19-37(5)21-13-23-39(7)25-15-27-41(9)29-31-45-34-43(33-44)46-32-30-42(10)28-16-26-40(8)24-14-22-38(6)20-12-18-36(3)4/h35-44H,11-34H2,1-10H3/t37-,38-,39-,40-,41-,42-,43-/m1/s1"
LDA,LAURYL DIMETHYLAMINE-N-OXIDE,CCCCCCCCCCCC[N+](C)(C)[O-],"InChI=1S/C14H31NO/c1-4-5-6-7-8-9-10-11-12-13-14-15(2,3)16/h4-14H2,1-3H3"
SIN,SUCCINIC ACID,O=C(O)CCC(=O)O,"InChI=1S/C4H6O4/c5-3(6)1-2-4(7)8/h1-2H2,(H,5,6)(H,7,8)"
DMI,"2,3-DIMETHYLIMIDAZOLIUM ION",Cc1[nH+]ccn1C,"InChI=1S/C5H8N2/c1-5-6-3-4-7(5)2/h3-4H,1-2H3/p+1"
DTD,DITHIANE DIOL,O[C@H]1CSSC[C@@H]1O,"InChI=1S/C4H8O2S2/c5-3-1-7-8-2-4(3)6/h3-6H,1-2H2/t3-,4-/m0/s1"
SGM,MONOTHIOGLYCEROL,OC[C@@H](O)CS,"InChI=1S/C3H8O2S/c4-1-3(5)2-6/h3-6H,1-2H2/t3-/m1/s1"
DIO,"1,4-DIETHYLENE DIOXIDE",C1COCCO1,InChI=1S/C4H8O2/c1-2-6-4-3-5-1/h1-4H2
PPI,PROPANOIC ACID,CCC(=O)O,"InChI=1S/C3H6O2/c1-2-3(4)5/h2H2,1H3,(H,4,5)"
DDQ,"DECYLAMINE-N,N-DIMETHYL-N-OXIDE",CCCCCCCCCC[N+](C)(C)[O-],"InChI=1S/C12H27NO/c1-4-5-6-7-8-9-10-11-12-13(2,3)14/h4-12H2,1-3H3"
HCA,3-HYDROXY-3-CARBOXY-ADIPIC ACID,O=C(O)CC[C@@](O)(CC(=O)O)C(=O)O,"InChI=1S/C7H10O7/c8-4(9)1-2-7(14,6(12)13)3-5(10)11/h14H,1-3H2,(H,8,9)(H,10,11)(H,12,13)/t7-/m1/s1"
NAG,2-ACETAMIDO-2-DEOXY-BETA-D-GLUCOPYRANOSE,CC(O)=N[C@@H]1[C@@H](O)[C@H](O)[C@@H](CO)O[C@H]1O,"InChI=1S/C8H15NO6/c1-3(11)9-5-7(13)6(12)4(2-10)15-8(5)14/h4-8,10,12-14H,2H2,1H3,(H,9,11)/t4-,5-,6-,7-,8-/m1/s1"
ENC,ETHYL ISOCYANIDE,C#[N+]CC,"InChI=1S/C3H6N/c1-3-4-2/h2H,3H2,1H3/q+1"
LI1,"1-[2,6,10.14-TETRAMETHYL-HEXADECAN-16-YL]-2-[2,10,14-TRIMETHYLHEXADECAN-16-YL]GLYCEROL",CC(C)CCCCCCC[C@@H](C)CCC[C@@H](C)CCO[C@H](CO)COCC[C@@H](C)CCCC(C)CCC[C@@H](C)CCCC(C)C,"InChI=1S/C42H86O3/c1-35(2)19-13-11-10-12-14-21-37(5)23-17-28-41(9)30-32-45-42(33-43)34-44-31-29-40(8)27-18-26-39(7)25-16-24-38(6)22-15-20-36(3)4/h35-43H,10-34H2,1-9H3/t37-,38+,39?,40+,41-,42-/m1/s1"
P4C,O-ACETALDEHYDYL-HEXAETHYLENE GLYCOL,O=CCOCCOCCOCCOCCOCCOCCO,"InChI=1S/C14H28O8/c15-1-3-17-5-7-19-9-11-21-13-14-22-12-10-20-8-6-18-4-2-16/h1,16H,2-14H2"
GLV,GLYOXYLIC ACID,O=CC(=O)O,"InChI=1S/C2H2O3/c3-1-2(4)5/h1H,(H,4,5)"
DMF,DIMETHYLFORMAMIDE,CN(C)C=O,"InChI=1S/C3H7NO/c1-4(2)3-5/h3H,1-2H3"
ACT,ACETATE ION,CC(=O)[O-],"InChI=1S/C2H4O2/c1-2(3)4/h1H3,(H,3,4)/p-1"
BTB,"2-[BIS-(2-HYDROXY-ETHYL)-AMINO]-2-HYDROXYMETHYL-PROPANE-1,3-DIOL",OCCN(CCO)C(CO)(CO)CO,"InChI=1S/C8H19NO5/c10-3-1-9(2-4-11)8(5-12,6-13)7-14/h10-14H,1-7H2"
6PL,"(4S,7R)-4-HYDROXY-N,N,N-TRIMETHYL-9-OXO-7-[(PALMITOYLOXY)METHYL]-3,5,8-TRIOXA-4-PHOSPHAHEXACOSAN-1-AMINIUM 4-OXIDE",CCCCCCCCCCCCCCCCCC(=O)O[C@H](COC(=O)CCCCCCCCCCCCCCC)COP(=O)(O)OCC[N+](C)(C)C,"InChI=1S/C42H84NO8P/c1-6-8-10-12-14-16-18-20-21-23-25-27-29-31-33-35-42(45)51-40(39-50-52(46,47)49-37-36-43(3,4)5)38-48-41(44)34-32-30-28-26-24-22-19-17-15-13-11-9-7-2/h40H,6-39H2,1-5H3/p+1/t40-/m1/s1"
BGL,2-O-OCTYL-BETA-D-GLUCOPYRANOSE,CCCCCCCCO[C@@H]1[C@@H](O)[C@H](O)[C@@H](CO)O[C@H]1O,"InChI=1S/C14H28O6/c1-2-3-4-5-6-7-8-19-13-12(17)11(16)10(9-15)20-14(13)18/h10-18H,2-9H2,1H3/t10-,11-,12+,13-,14-/m1/s1"
N8E,"3,6,9,12,15-PENTAOXATRICOSAN-1-OL",CCCCCCCCOCCOCCOCCOCCOCCO,"InChI=1S/C18H38O6/c1-2-3-4-5-6-7-9-20-11-13-22-15-17-24-18-16-23-14-12-21-10-8-19/h19H,2-18H2,1H3"
LMT,DODECYL-BETA-D-MALTOSIDE,CCCCCCCCCCCCO[C@@H]1O[C@H](CO)[C@@H](O[C@H]2O[C@H](CO)[C@@H](O)[C@H](O)[C@H]2O)[C@H](O)[C@H]1O,"InChI=1S/C24H46O11/c1-2-3-4-5-6-7-8-9-10-11-12-32-23-21(31)19(29)22(16(14-26)34-23)35-24-20(30)18(28)17(27)15(13-25)33-24/h15-31H,2-14H2,1H3/t15-,16-,17-,18+,19-,20-,21-,22-,23-,24-/m1/s1"
THM,THYMIDINE,Cc1cn([C@H]2C[C@H](O)[C@@H](CO)O2)c(=O)nc1O,"InChI=1S/C10H14N2O5/c1-5-3-12(10(16)11-9(5)15)8-2-6(14)7(4-13)17-8/h3,6-8,13-14H,2,4H2,1H3,(H,11,15,16)/t6-,7+,8+/m0/s1"
PGR,"R-1,2-PROPANEDIOL",C[C@@H](O)CO,"InChI=1S/C3H8O2/c1-3(5)2-4/h3-5H,2H2,1H3/t3-/m1/s1"
FOL,FOLIC ACID,N=c1nc(O)c2nc(CNc3ccc(C(=O)N[C@@H](CCC(=O)O)C(=O)O)cc3)cnc2[nH]1,"InChI=1S/C19H19N7O6/c20-19-25-15-14(17(30)26-19)23-11(8-22-15)7-21-10-3-1-9(2-4-10)16(29)24-12(18(31)32)5-6-13(27)28/h1-4,8,12,21H,5-7H2,(H,24,29)(H,27,28)(H,31,32)(H3,20,22,25,26,30)/t12-/m0/s1"
PEK,"(1S)-2-{[(2-AMINOETHOXY)(HYDROXY)PHOSPHORYL]OXY}-1-[(STEAROYLOXY)METHYL]ETHYL (5E,8E,11E,14E)-ICOSA-5,8,11,14-TETRAENOATE",CCCCC/C=C\C/C=C\C/C=C\C/C=C\CCCC(=O)O[C@H](COC(=O)CCCCCCCCCCCCCCCCC)COP(=O)(O)OCCN,"InChI=1S/C43H78NO8P/c1-3-5-7-9-11-13-15-17-19-20-22-24-26-28-30-32-34-36-43(46)52-41(40-51-53(47,48)50-38-37-44)39-49-42(45)35-33-31-29-27-25-23-21-18-16-14-12-10-8-6-4-2/h11,13,17,19,22,24,28,30,41H,3-10,12,14-16,18,20-21,23,25-27,29,31-40,44H2,1-2H3,(H,47,48)/b13-11-,19-17-,24-22-,30-28-/t41-/m1/s1"
NSP,5-(AMINOMETHYL)-2-METHYLPYRIMIDIN-4-AMINE,Cc1ncc(CN)c(=N)[nH]1,"InChI=1S/C6H10N4/c1-4-9-3-5(2-7)6(8)10-4/h3H,2,7H2,1H3,(H2,8,9,10)"
PEE,"1,2-DIOLEOYL-SN-GLYCERO-3-PHOSPHOETHANOLAMINE",CCCCCCCC/C=C\CCCCCCCC(=O)OC[C@H](COP(=O)(O)OCCN)OC(=O)CCCCCCC/C=C\CCCCCCCC,"InChI=1S/C41H78NO8P/c1-3-5-7-9-11-13-15-17-19-21-23-25-27-29-31-33-40(43)47-37-39(38-49-51(45,46)48-36-35-42)50-41(44)34-32-30-28-26-24-22-20-18-16-14-12-10-8-6-4-2/h17-20,39H,3-16,21-38,42H2,1-2H3,(H,45,46)/b19-17-,20-18-/t39-/m1/s1"
CHD,CHOLIC ACID,C[C@H](CCC(=O)O)[C@H]1CC[C@H]2[C@@H]3[C@H](O)C[C@@H]4C[C@H](O)CC[C@]4(C)[C@H]3C[C@H](O)[C@]12C,"InChI=1S/C24H40O5/c1-13(4-7-21(28)29)16-5-6-17-22-18(12-20(27)24(16,17)3)23(2)9-8-15(25)10-14(23)11-19(22)26/h13-20,22,25-27H,4-12H2,1-3H3,(H,28,29)/t13-,14+,15-,16-,17+,18+,19-,20+,22+,23+,24-/m1/s1"
CO2,CARBON DIOXIDE,O=C=O,InChI=1S/CO2/c2-1-3
TBU,TERTIARY-BUTYL ALCOHOL,CC(C)(C)O,"InChI=1S/C4H10O/c1-4(2,3)5/h5H,1-3H3"
UMQ,UNDECYL-MALTOSIDE,CCCCCCCCCCCO[C@@H]1O[C@H](CO)[C@@H](O[C@H]2O[C@H](CO)[C@@H](O)[C@H](O)[C@H]2O)[C@H](O)[C@H]1O,"InChI=1S/C23H44O11/c1-2-3-4-5-6-7-8-9-10-11-31-22-20(30)18(28)21(15(13-25)33-22)34-23-19(29)17(27)16(26)14(12-24)32-23/h14-30H,2-13H2,1H3/t14-,15-,16-,17+,18-,19-,20-,21-,22-,23-/m1/s1"
MES,2-(N-MORPHOLINO)-ETHANESULFONIC ACID,O=S(=O)(O)CCN1CCOCC1,"InChI=1S/C6H13NO4S/c8-12(9,10)6-3-7-1-4-11-5-2-7/h1-6H2,(H,8,9,10)"
HTG,HEPTYL 1-THIO-BETA-D-GLUCOPYRANOSIDE,CCCCCCCS[C@@H]1O[C@H](CO)[C@@H](O)[C@H](O)[C@H]1O,"InChI=1S/C13H26O5S/c1-2-3-4-5-6-7-19-13-12(17)11(16)10(15)9(8-14)18-13/h9-17H,2-8H2,1H3/t9-,10-,11+,12-,13+/m1/s1"
DEP,DIETHYL PHOSPHONATE,CCO[PH](=O)OCC,"InChI=1S/C4H11O3P/c1-3-6-8(5)7-4-2/h8H,3-4H2,1-2H3"
KDO,3-DEOXY-ALPHA-D-MANNO-OCT-2-ULOPYRANOSONIC ACID,O=C(O)[C@@]1(O)C[C@@H](O)[C@@H](O)[C@@H]([C@H](O)CO)O1,"InChI=1S/C8H14O8/c9-2-4(11)6-5(12)3(10)1-8(15,16-6)7(13)14/h3-6,9-12,15H,1-2H2,(H,13,14)/t3-,4-,5-,6-,8-/m1/s1"
2PE,NONAETHYLENE GLYCOL,OCCOCCOCCOCCOCCOCCOCCOCCOCCO,"InChI=1S/C18H38O10/c19-1-3-21-5-7-23-9-11-25-13-15-27-17-18-28-16-14-26-12-10-24-8-6-22-4-2-20/h19-20H,1-18H2"
PE3,"3,6,9,12,15,18,21,24,27,30,33,36,39-TRIDECAOXAHENTETRACONTANE-1,41-DIOL",OCCOCCOCCOCCOCCOCCOCCOCCOCCOCCOCCOCCOCCOCCO,"InChI=1S/C28H58O15/c29-1-3-31-5-7-33-9-11-35-13-15-37-17-19-39-21-23-41-25-27-43-28-26-42-24-22-40-20-18-38-16-14-36-12-10-34-8-6-32-4-2-30/h29-30H,1-28H2"
NDG,2-ACETAMIDO-2-DEOXY-ALPHA-D-GLUCOPYRANOSE,CC(O)=N[C@@H]1[C@@H](O)[C@H](O)[C@@H](CO)O[C@@H]1O,"InChI=1S/C8H15NO6/c1-3(11)9-5-7(13)6(12)4(2-10)15-8(5)14/h4-8,10,12-14H,2H2,1H3,(H,9,11)/t4-,5-,6-,7-,8+/m1/s1"
TAU,2-AMINOETHANESULFONIC ACID,NCCS(=O)(=O)O,"InChI=1S/C2H7NO3S/c3-1-2-7(4,5)6/h1-3H2,(H,4,5,6)"
TCA,PHENYLETHYLENECARBOXYLIC ACID,O=C(O)/C=C/c1ccccc1,"InChI=1S/C9H8O2/c10-9(11)7-6-8-4-2-1-3-5-8/h1-7H,(H,10,11)/b7-6+"
SPD,SPERMIDINE,NCCCCNCCCN,"InChI=1S/C7H19N3/c8-4-1-2-6-10-7-3-5-9/h10H,1-9H2"
SPM,SPERMINE,NCCCNCCCCNCCCN,"InChI=1S/C10H26N4/c11-5-3-9-13-7-1-2-8-14-10-4-6-12/h13-14H,1-12H2"
SAR,SARCOSINE,CNCC(=O)O,"InChI=1S/C3H7NO2/c1-4-2-3(5)6/h4H,2H2,1H3,(H,5,6)"
PAM,PALMITOLEIC ACID,CCCCCC/C=C\CCCCCCCC(=O)O,"InChI=1S/C16H30O2/c1-2-3-4-5-6-7-8-9-10-11-12-13-14-15-16(17)18/h7-8H,2-6,9-15H2,1H3,(H,17,18)/b8-7-"
SPH,SPHINGOSINE,CCCCCCCCCCCCCC=C[C@H](O)[C@H](N)CO,"InChI=1S/C18H37NO2/c1-2-3-4-5-6-7-8-9-10-11-12-13-14-15-18(21)17(19)16-20/h14-15,17-18,20-21H,2-13,16,19H2,1H3/t17-,18+/m1/s1"
BE7,(4-CARBOXYPHENYL)(CHLORO)MERCURY,Cl.O=C([O-])C1=CC=C=C[CH]1.[Hg+],"InChI=1S/C7H5O2.ClH.Hg/c8-7(9)6-4-2-1-3-5-6;;/h2-5H,(H,8,9);1H;/q;;+1/p-1"
P4G,1-ETHOXY-2-(2-ETHOXYETHOXY)ETHANE,CCOCCOCCOCC,"InChI=1S/C8H18O3/c1-3-9-5-7-11-8-6-10-4-2/h3-8H2,1-2H3"
OLC,"(2R)-2,3-DIHYDROXYPROPYL (9Z)-OCTADEC-9-ENOATE",CCCCCCCC/C=C\CCCCCCCC(=O)OC[C@H](O)CO,"InChI=1S/C21H40O4/c1-2-3-4-5-6-7-8-9-10-11-12-13-14-15-16-17-21(24)25-19-20(23)18-22/h9-10,20,22-23H,2-8,11-19H2,1H3/b10-9-/t20-/m1/s1"
OLB,"(2S)-2,3-DIHYDROXYPROPYL (9Z)-OCTADEC-9-ENOATE",CCCCCCCC/C=C\CCCCCCCC(=O)OC[C@@H](O)CO,"InChI=1S/C21H40O4/c1-2-3-4-5-6-7-8-9-10-11-12-13-14-15-16-17-21(24)25-19-20(23)18-22/h9-10,20,22-23H,2-8,11-19H2,1H3/b10-9-/t20-/m0/s1"
LFA,EICOSANE,CCCCCCCCCCCCCCCCCCCC,"InChI=1S/C20H42/c1-3-5-7-9-11-13-15-17-19-20-18-16-14-12-10-8-6-4-2/h3-20H2,1-2H3"
D10,DECANE,CCCCCCCCCC,"InChI=1S/C10H22/c1-3-5-7-9-10-8-6-4-2/h3-10H2,1-2H3"
D12,DODECANE,CCCCCCCCCCCC,"InChI=1S/C12H26/c1-3-5-7-9-11-12-10-8-6-4-2/h3-12H2,1-2H3"
DD9,NONANE,CCCCCCCCC,"InChI=1S/C9H20/c1-3-5-7-9-8-6-4-2/h3-9H2,1-2H3"
HP6,HEPTANE,CCCCCCC,"InChI=1S/C7H16/c1-3-5-7-6-4-2/h3-7H2,1-2H3"
R16,HEXADECANE,CCCCCCCCCCCCCCCC,"InChI=1S/C16H34/c1-3-5-7-9-11-13-15-16-14-12-10-8-6-4-2/h3-16H2,1-2H3"
PX4,"1,2-DIMYRISTOYL-SN-GLYCERO-3-PHOSPHOCHOLINE",CCCCCCCCCCCCCC(=O)OC[C@H](COP(=O)(O)OCC[N+](C)(C)C)OC(=O)CCCCCCCCCCCCC,"InChI=1S/C36H72NO8P/c1-6-8-10-12-14-16-18-20-22-24-26-28-35(38)42-32-34(33-44-46(40,41)43-31-30-37(3,4)5)45-36(39)29-27-25-23-21-19-17-15-13-11-9-7-2/h34H,6-33H2,1-5H3/p+1/t34-/m1/s1"
TRD,TRIDECANE,CCCCCCCCCCCCC,"InChI=1S/C13H28/c1-3-5-7-9-11-13-12-10-8-6-4-2/h3-13H2,1-2H3"
UND,UNDECANE,CCCCCCCCCCC,"InChI=1S/C11H24/c1-3-5-7-9-11-10-8-6-4-2/h3-11H2,1-2H3"
FTT,3-HYDROXY-TETRADECANOIC ACID,CCCCCCCCCCC[C@@H](O)CC(=O)O,"InChI=1S/C14H28O3/c1-2-3-4-5-6-7-8-9-10-11-13(15)12-14(16)17/h13,15H,2-12H2,1H3,(H,16,17)/t13-/m1/s1"
MYR,MYRISTIC ACID,CCCCCCCCCCCCCC(=O)O,"InChI=1S/C14H28O2/c1-2-3-4-5-6-7-8-9-10-11-12-13-14(15)16/h2-13H2,1H3,(H,15,16)"
RG1,RHODOPIN B-D-GLUCOSIDE,CC(C)=C/C=C/C(C)=C/C=C/C(C)=C/C=C/C(C)=C/C=C/C=C(C)/C=C/C=C(C)/C=C/C=C(\C)CCCC(C)(C)O[C@@H]1O[C@H](CO)[C@@H](O)[C@H](O)[C@H]1O,"InChI=1S/C46H66O6/c1-34(2)19-13-22-37(5)25-16-28-38(6)26-14-23-35(3)20-11-12-21-36(4)24-15-27-39(7)29-17-30-40(8)31-18-32-46(9,10)52-45-44(50)43(49)42(48)41(33-47)51-45/h11-17,19-30,41-45,47-50H,18,31-33H2,1-10H3/b12-11+,22-13+,23-14+,24-15+,28-16+,29-17+,35-20+,36-21+,37-25+,38-26+,39-27+,40-30+/t41-,42-,43+,44-,45+/m1/s1"
IMD,IMIDAZOLE,c1c[nH+]c[nH]1,"InChI=1S/C3H4N2/c1-2-5-3-4-1/h1-3H,(H,4,5)/p+1"
DMN,DIMETHYLAMINE,CNC,"InChI=1S/C2H7N/c1-3-2/h3H,1-2H3"
KEN,"N,N-DIMETHYLMETHANAMINE",CN(C)C,InChI=1S/C3H9N/c1-4(2)3/h1-3H3
C14,TETRADECANE,CCCCCCCCCCCCCC,"InChI=1S/C14H30/c1-3-5-7-9-11-13-14-12-10-8-6-4-2/h3-14H2,1-2H3"
UPL,UNKNOWN BRANCHED FRAGMENT OF PHOSPHOLIPID,CCCCCCCCCCCCCC(CCCCCCCCC)CCCCCCCCCCC,"InChI=1S/C34H70/c1-4-7-10-13-16-18-19-21-24-27-30-33-34(31-28-25-22-15-12-9-6-3)32-29-26-23-20-17-14-11-8-5-2/h34H,4-33H2,1-3H3"
CMJ,(20S)-20-METHYLDOTETRACONTANE,CCCCCCCCCCCCCCCCCCCCCC[C@@H](C)CCCCCCCCCCCCCCCCCCC,"InChI=1S/C43H88/c1-4-6-8-10-12-14-16-18-20-22-23-24-26-28-30-32-34-36-38-40-42-43(3)41-39-37-35-33-31-29-27-25-21-19-17-15-13-11-9-7-5-2/h43H,4-42H2,1-3H3/t43-/m0/s1"
ULI,TETRACONTANE,CCCCCCCCCCCCCCCCCCCCCCCCCCCCCCCCCCCCCCCC,"InChI=1S/C40H82/c1-3-5-7-9-11-13-15-17-19-21-23-25-27-29-31-33-35-37-39-40-38-36-34-32-30-28-26-24-22-20-18-16-14-12-10-8-6-4-2/h3-40H2,1-2H3"
MYS,PENTADECANE,CCCCCCCCCCCCCCC,"InChI=1S/C15H32/c1-3-5-7-9-11-13-15-14-12-10-8-6-4-2/h3-15H2,1-2H3"
TWT,DOCOSANE,CCCCCCCCCCCCCCCCCCCCCC,"InChI=1S/C22H46/c1-3-5-7-9-11-13-15-17-19-21-22-20-18-16-14-12-10-8-6-4-2/h3-22H2,1-2H3"
M2M,1-METHOXY-2-(2-METHOXYETHOXY)ETHANE,COCCOCCOC,"InChI=1S/C6H14O3/c1-7-3-5-9-6-4-8-2/h3-6H2,1-2H3"
P15,"2,5,8,11,14,17-HEXAOXANONADECAN-19-OL",COCCOCCOCCOCCOCCOCCO,"InChI=1S/C13H28O7/c1-15-4-5-17-8-9-19-12-13-20-11-10-18-7-6-16-3-2-14/h14H,2-13H2,1H3"
PG0,2-(2-METHOXYETHOXY)ETHANOL,COCCOCCO,"InChI=1S/C5H12O3/c1-7-4-5-8-3-2-6/h6H,2-5H2,1H3"
PEU,"2,5,8,11,14,17,20,23,26,29,32,35,38,41,44,47,50,53,56,59,62,65,68,71,74,77,80-HEPTACOSAOXADOOCTACONTAN-82-OL",COCCOCCOCCOCCOCCOCCOCCOCCOCCOCCOCCOCCOCCOCCOCCOCCOCCOCCOCCOCCOCCOCCOCCOCCOCCOCCOCCO,"InChI=1S/C55H112O28/c1-57-4-5-59-8-9-61-12-13-63-16-17-65-20-21-67-24-25-69-28-29-71-32-33-73-36-37-75-40-41-77-44-45-79-48-49-81-52-53-83-55-54-82-51-50-80-47-46-78-43-42-76-39-38-74-35-34-72-31-30-70-27-26-68-23-22-66-19-18-64-15-14-62-11-10-60-7-6-58-3-2-56/h56H,2-55H2,1H3"
AE3,2-(2-ETHOXYETHOXY)ETHANOL,CCOCCOCCO,"InChI=1S/C6H14O3/c1-2-8-5-6-9-4-3-7/h7H,2-6H2,1H3"
TOE,2-[2-(2-METHOXY-ETHOXY)-ETHOXY]-ETHOXYL,COCCOCCOCCO,"InChI=1S/C7H16O4/c1-9-4-5-11-7-6-10-3-2-8/h8H,2-7H2,1H3"
ME2,1-ETHOXY-2-(2-METHOXYETHOXY)ETHANE,CCOCCOCCOC,"InChI=1S/C7H16O3/c1-3-9-6-7-10-5-4-8-2/h3-7H2,1-2H3"
PE8,"3,6,9,12,15,18,21-HEPTAOXATRICOSANE-1,23-DIOL",OCCOCCOCCOCCOCCOCCOCCOCCO,"InChI=1S/C16H34O9/c17-1-3-19-5-7-21-9-11-23-13-15-25-16-14-24-12-10-22-8-6-20-4-2-18/h17-18H,1-16H2"
7PE,2-(2-(2-(2-(2-(2-ETHOXYETHOXY)ETHOXY)ETHOXY)ETHOXY)ETHOXY)ETHANOL,CCOCCOCCOCCOCCOCCOCCO,"InChI=1S/C14H30O7/c1-2-16-5-6-18-9-10-20-13-14-21-12-11-19-8-7-17-4-3-15/h15H,2-14H2,1H3"
P3G,"3,6,9,12,15-PENTAOXAHEPTADECANE",CCOCCOCCOCCOCCOCC,"InChI=1S/C12H26O5/c1-3-13-5-7-15-9-11-17-12-10-16-8-6-14-4-2/h3-12H2,1-2H3"
7PG,"2,5,8,11,14,17,20,23-OCTAOXAPENTACOSAN-25-OL",COCCOCCOCCOCCOCCOCCOCCOCCO,"InChI=1S/C17H36O9/c1-19-4-5-21-8-9-23-12-13-25-16-17-26-15-14-24-11-10-22-7-6-20-3-2-18/h18H,2-17H2,1H3"
PG5,1-METHOXY-2-[2-(2-METHOXY-ETHOXY]-ETHANE,COCCOCCOCCOC,"InChI=1S/C8H18O4/c1-9-3-5-11-7-8-12-6-4-10-2/h3-8H2,1-2H3"
16P,"3,6,9,12,15,18-HEXAOXAICOSANE",CCOCCOCCOCCOCCOCCOCC,"InChI=1S/C14H30O6/c1-3-15-5-7-17-9-11-19-13-14-20-12-10-18-8-6-16-4-2/h3-14H2,1-2H3"
XPE,"3,6,9,12,15,18,21,24,27-NONAOXANONACOSANE-1,29-DIOL",OCCOCCOCCOCCOCCOCCOCCOCCOCCOCCO,"InChI=1S/C20H42O11/c21-1-3-23-5-7-25-9-11-27-13-15-29-17-19-31-20-18-30-16-14-28-12-10-26-8-6-24-4-2-22/h21-22H,1-20H2"
PGF,"2,5,8,11-TETRAOXATRIDECANE",CCOCCOCCOCCOC,"InChI=1S/C9H20O4/c1-3-11-6-7-13-9-8-12-5-4-10-2/h3-9H2,1-2H3"
AE4,"3,6,9,12,15-PENTAOXAHEPTADECAN-1-OL",CCOCCOCCOCCOCCOCCO,"InChI=1S/C12H26O6/c1-2-14-5-6-16-9-10-18-12-11-17-8-7-15-4-3-13/h13H,2-12H2,1H3"
7E8,"(2R)-2,3-DIHYDROXYPROPYL (7Z)-TETRADEC-7-ENOATE",CCCCCC/C=C\CCCCCC(=O)OC[C@H](O)CO,"InChI=1S/C17H32O4/c1-2-3-4-5-6-7-8-9-10-11-12-13-17(20)21-15-16(19)14-18/h7-8,16,18-19H,2-6,9-15H2,1H3/b8-7-/t16-/m1/s1"
7E9,"1,3-DIHYDROXYPROPAN-2-YL (Z)-TETRADEC-7-ENOATE",CCCCCC/C=C\CCCCCC(=O)OC(CO)CO,"InChI=1S/C17H32O4/c1-2-3-4-5-6-7-8-9-10-11-12-13-17(20)21-16(14-18)15-19/h7-8,16,18-19H,2-6,9-15H2,1H3/b8-7-"
MVC,MONOVACCENIN,CCCCCC/C=C\CCCCCCCCCC(=O)OC[C@H](O)CO,"InChI=1S/C21H40O4/c1-2-3-4-5-6-7-8-9-10-11-12-13-14-15-16-17-21(24)25-19-20(23)18-22/h7-8,20,22-23H,2-6,9-19H2,1H3/b8-7-/t20-/m1/s1"
TAR,D(-)-TARTARIC ACID,O=C(O)[C@@H](O)[C@H](O)C(=O)O,"InChI=1S/C4H6O6/c5-1(3(7)8)2(6)4(9)10/h1-2,5-6H,(H,7,8)(H,9,10)/t1-,2-/m0/s1"
LMR,(2S)-2-HYDROXYBUTANEDIOIC ACID,O=C(O)C[C@H](O)C(=O)O,"InChI=1S/C4H6O5/c5-2(4(8)9)1-3(6)7/h2,5H,1H2,(H,6,7)(H,8,9)/t2-/m0/s1"
NER,(15E)-TETRACOS-15-ENOIC ACID,CCCCCCCC/C=C\CCCCCCCCCCCCCC(=O)O,"InChI=1S/C24H46O2/c1-2-3-4-5-6-7-8-9-10-11-12-13-14-15-16-17-18-19-20-21-22-23-24(25)26/h9-10H,2-8,11-23H2,1H3,(H,25,26)/b10-9-"
02U,14-METHYLHEXADEC-9-ENOIC ACID,CCC(C)CCCC=CCCCCCCCC(=O)O,"InChI=1S/C17H32O2/c1-3-16(2)14-12-10-8-6-4-5-7-9-11-13-15-17(18)19/h6,8,16H,3-5,7,9-15H2,1-2H3,(H,18,19)"
NGZ,2-ACETAMIDO-2-DEOXY-ALPHA-L-GLUCOPYRANOSE,CC(O)=N[C@H]1[C@H](O)[C@@H](O)[C@H](CO)O[C@H]1O,"InChI=1S/C8H15NO6/c1-3(11)9-5-7(13)6(12)4(2-10)15-8(5)14/h4-8,10,12-14H,2H2,1H3,(H,9,11)/t4-,5-,6-,7-,8+/m0/s1"
LXB,2-ACETAMIDO-2-DEOXY-BETA-D-GULOPYRANOSE,CC(O)=N[C@@H]1[C@H](O)[C@@H](O)[C@@H](CO)O[C@H]1O,"InChI=1S/C8H15NO6/c1-3(11)9-5-7(13)6(12)4(2-10)15-8(5)14/h4-8,10,12-14H,2H2,1H3,(H,9,11)/t4-,5-,6+,7+,8-/m1/s1"
A2G,2-ACETAMIDO-2-DEOXY-ALPHA-D-GALACTOPYRANOSE,CC(O)=N[C@@H]1[C@@H](O)[C@@H](O)[C@@H](CO)O[C@@H]1O,"InChI=1S/C8H15NO6/c1-3(11)9-5-7(13)6(12)4(2-10)15-8(5)14/h4-8,10,12-14H,2H2,1H3,(H,9,11)/t4-,5-,6+,7-,8+/m1/s1"
BM3,2-ACETAMIDO-2-DEOXY-ALPHA-D-MANNOPYRANOSE,CC(O)=N[C@H]1[C@@H](O)[C@H](O)[C@@H](CO)O[C@@H]1O,"InChI=1S/C8H15NO6/c1-3(11)9-5-7(13)6(12)4(2-10)15-8(5)14/h4-8,10,12-14H,2H2,1H3,(H,9,11)/t4-,5+,6-,7-,8+/m1/s1"
NAA,2-ACETAMIDO-2-DEOXY-BETA-D-ALLOPYRANOSE,CC(O)=N[C@@H]1[C@H](O)[C@H](O)[C@@H](CO)O[C@H]1O,"InChI=1S/C8H15NO6/c1-3(11)9-5-7(13)6(12)4(2-10)15-8(5)14/h4-8,10,12-14H,2H2,1H3,(H,9,11)/t4-,5-,6-,7+,8-/m1/s1"
NGA,2-ACETAMIDO-2-DEOXY-BETA-D-GALACTOPYRANOSE,CC(O)=N[C@@H]1[C@@H](O)[C@@H](O)[C@@H](CO)O[C@H]1O,"InChI=1S/C8H15NO6/c1-3(11)9-5-7(13)6(12)4(2-10)15-8(5)14/h4-8,10,12-14H,2H2,1H3,(H,9,11)/t4-,5-,6+,7-,8-/m1/s1"
LXZ,2-ACETAMIDO-2-DEOXY-ALPHA-D-IDOPYRANOSE,CC(O)=N[C@H]1[C@H](O)[C@@H](O)[C@@H](CO)O[C@@H]1O,"InChI=1S/C8H15NO6/c1-3(11)9-5-7(13)6(12)4(2-10)15-8(5)14/h4-8,10,12-14H,2H2,1H3,(H,9,11)/t4-,5+,6+,7+,8+/m1/s1"
PX6,"1,2-DIPALMITOYL-SN-GLYCERO-3-PHOSPHATE",CCCCCCCCCCCCCCCC(=O)OC[C@H](COP(=O)([O-])O)OC(=O)CCCCCCCCCCCCCCC,"InChI=1S/C35H69O8P/c1-3-5-7-9-11-13-15-17-19-21-23-25-27-29-34(36)41-31-33(32-42-44(38,39)40)43-35(37)30-28-26-24-22-20-18-16-14-12-10-8-6-4-2/h33H,3-32H2,1-2H3,(H2,38,39,40)/p-1/t33-/m1/s1"
PA8,"1,2-DIOCTANOYL-SN-GLYCERO-3-PHOSPHATE",CCCCCCCC(=O)OC[C@H](COP(=O)([O-])O)OC(=O)CCCCCCC,"InChI=1S/C19H37O8P/c1-3-5-7-9-11-13-18(20)25-15-17(16-26-28(22,23)24)27-19(21)14-12-10-8-6-4-2/h17H,3-16H2,1-2H3,(H2,22,23,24)/p-1/t17-/m1/s1"
LPP,2-(HEXADECANOYLOXY)-1-[(PHOSPHONOOXY)METHYL]ETHYL HEXADECANOATE,CCCCCCCCCCCCCCCC(=O)OC[C@H](COP(=O)(O)O)OC(=O)CCCCCCCCCCCCCCC,"InChI=1S/C35H69O8P/c1-3-5-7-9-11-13-15-17-19-21-23-25-27-29-34(36)41-31-33(32-42-44(38,39)40)43-35(37)30-28-26-24-22-20-18-16-14-12-10-8-6-4-2/h33H,3-32H2,1-2H3,(H2,38,39,40)/t33-/m1/s1"
PX2,"1,2-DILAUROYL-SN-GLYCERO-3-PHOSPHATE",CCCCCCCCCCCC(=O)OC[C@H](COP(=O)([O-])O)OC(=O)CCCCCCCCCCC,"InChI=1S/C27H53O8P/c1-3-5-7-9-11-13-15-17-19-21-26(28)33-23-25(24-34-36(30,31)32)35-27(29)22-20-18-16-14-12-10-8-6-4-2/h25H,3-24H2,1-2H3,(H2,30,31,32)/p-1/t25-/m1/s1"
MYY,(2R)-3-(PHOSPHONOOXY)-2-(TETRADECANOYLOXY)PROPYL PALMITATE,CCCCCCCCCCCCCCCC(=O)OC[C@H](COP(=O)(O)O)OC(=O)CCCCCCCCCCCCC,"InChI=1S/C33H65O8P/c1-3-5-7-9-11-13-15-16-18-19-21-23-25-27-32(34)39-29-31(30-40-42(36,37)38)41-33(35)28-26-24-22-20-17-14-12-10-8-6-4-2/h31H,3-30H2,1-2H3,(H2,36,37,38)/t31-/m1/s1"
PX8,"1,2-DISTEAROYL-SN-GLYCERO-3-PHOSPHATE",CCCCCCCCCCCCCCCCCC(=O)OC[C@H](COP(=O)([O-])O)OC(=O)CCCCCCCCCCCCCCCCC,"InChI=1S/C39H77O8P/c1-3-5-7-9-11-13-15-17-19-21-23-25-27-29-31-33-38(40)45-35-37(36-46-48(42,43)44)47-39(41)34-32-30-28-26-24-22-20-18-16-14-12-10-8-6-4-2/h37H,3-36H2,1-2H3,(H2,42,43,44)/p-1/t37-/m1/s1"
PD7,"(2R)-3-(PHOSPHONOOXY)PROPANE-1,2-DIYL DIHEPTANOATE",CCCCCCC(=O)OC[C@H](COP(=O)(O)O)OC(=O)CCCCCC,"InChI=1S/C17H33O8P/c1-3-5-7-9-11-16(18)23-13-15(14-24-26(20,21)22)25-17(19)12-10-8-6-4-2/h15H,3-14H2,1-2H3,(H2,20,21,22)/t15-/m1/s1"
XP4,"1,2-DIMYRISTOYL-SN-GLYCERO-3-PHOSPHATE",CCCCCCCCCCCCCC(=O)OC[C@H](COP(=O)([O-])O)OC(=O)CCCCCCCCCCCCC,"InChI=1S/C31H61O8P/c1-3-5-7-9-11-13-15-17-19-21-23-25-30(32)37-27-29(28-38-40(34,35)36)39-31(33)26-24-22-20-18-16-14-12-10-8-6-4-2/h29H,3-28H2,1-2H3,(H2,34,35,36)/p-1/t29-/m1/s1"
XPA,"1,2-DIDECANOYL-SN-GLYCERO-3-PHOSPHATE",CCCCCCCCCC(=O)OC[C@H](COP(=O)([O-])O)OC(=O)CCCCCCCCC,"InChI=1S/C23H45O8P/c1-3-5-7-9-11-13-15-17-22(24)29-19-21(20-30-32(26,27)28)31-23(25)18-16-14-12-10-8-6-4-2/h21H,3-20H2,1-2H3,(H2,26,27,28)/p-1/t21-/m1/s1"
PEV,(1S)-2-{[(2-AMINOETHOXY)(HYDROXY)PHOSPHORYL]OXY}-1-[(PALMITOYLOXY)METHYL]ETHYL STEARATE,CCCCCCCCCCCCCCCCCC(=O)O[C@@H](COC(=O)CCCCCCCCCCCCCCC)COP(=O)(O)OCCN,"InChI=1S/C39H78NO8P/c1-3-5-7-9-11-13-15-17-18-20-22-24-26-28-30-32-39(42)48-37(36-47-49(43,44)46-34-33-40)35-45-38(41)31-29-27-25-23-21-19-16-14-12-10-8-6-4-2/h37H,3-36,40H2,1-2H3,(H,43,44)/t37-/m0/s1"
6PE,"1,2-DIHEXANOYL-SN-GLYCERO-3-PHOSPHOETHANOLAMINE",CCCCCC(=O)OC[C@H](COP(=O)([O-])OCCN)OC(=O)CCCCC,"InChI=1S/C17H34NO8P/c1-3-5-7-9-16(19)23-13-15(26-17(20)10-8-6-4-2)14-25-27(21,22)24-12-11-18/h15H,3-14,18H2,1-2H3,(H,21,22)/p-1/t15-/m1/s1"
PEX,"1,2-DIDECANOYL-SN-GLYCERO-3-PHOSPHOETHANOLAMINE",CCCCCCCCCC(=O)OC[C@H](COP(=O)([O-])OCCN)OC(=O)CCCCCCCCC,"InChI=1S/C25H50NO8P/c1-3-5-7-9-11-13-15-17-24(27)31-21-23(22-33-35(29,30)32-20-19-26)34-25(28)18-16-14-12-10-8-6-4-2/h23H,3-22,26H2,1-2H3,(H,29,30)/p-1/t23-/m1/s1"
PTY,PHOSPHATIDYLETHANOLAMINE,CCCCCCCCCCCCCCCCCCCC(=O)O[C@H](COC(=O)CCCCCCCCCCCCCC)COP(=O)(O)OCCN,"InChI=1S/C40H80NO8P/c1-3-5-7-9-11-13-15-17-18-19-20-21-23-25-27-29-31-33-40(43)49-38(37-48-50(44,45)47-35-34-41)36-46-39(42)32-30-28-26-24-22-16-14-12-10-8-6-4-2/h38H,3-37,41H2,1-2H3,(H,44,45)/t38-/m1/s1"
PGT,"(1S)-2-{[{[(2R)-2,3-DIHYDROXYPROPYL]OXY}(HYDROXY)PHOSPHORYL]OXY}-1-[(PALMITOYLOXY)METHYL]ETHYL STEARATE",CCCCCCCCCCCCCCCCCC(=O)O[C@@H](COC(=O)CCCCCCCCCCCCCCC)COP(=O)(O)OC[C@H](O)CO,"InChI=1S/C40H79O10P/c1-3-5-7-9-11-13-15-17-18-20-22-24-26-28-30-32-40(44)50-38(36-49-51(45,46)48-34-37(42)33-41)35-47-39(43)31-29-27-25-23-21-19-16-14-12-10-8-6-4-2/h37-38,41-42H,3-36H2,1-2H3,(H,45,46)/t37-,38+/m1/s1"
CN3,"(2R,5S,11R,14R)-5,8,11-TRIHYDROXY-2-(NONANOYLOXY)-5,11-DIOXIDO-16-OXO-14-[(PROPANOYLOXY)METHYL]-4,6,10,12,15-PENTAOXA-5,11-DIPHOSPHANONADEC-1-YL UNDECANOATE",CCCCCCCCCCC(=O)OC[C@H](COP(=O)(O)OC[C@H](O)COP(=O)(O)OC[C@@H](COC(=O)CC)OC(=O)CCC)OC(=O)CCCCCCCC,"InChI=1S/C36H68O17P2/c1-5-9-11-13-15-16-18-19-22-34(39)47-27-32(53-36(41)23-20-17-14-12-10-6-2)29-51-55(44,45)49-25-30(37)24-48-54(42,43)50-28-31(26-46-33(38)8-4)52-35(40)21-7-3/h30-32,37H,5-29H2,1-4H3,(H,42,43)(H,44,45)/t30-,31-,32-/m1/s1"
AGA,"(1S)-2-{[{[(2S)-2,3-DIHYDROXYPROPYL]OXY}(HYDROXY)PHOSPHORYL]OXY}-1-[(PENTANOYLOXY)METHYL]ETHYL OCTANOATE",CCCCCCCC(=O)O[C@H](COC(=O)CCCC)COP(=O)([O-])OC[C@@H](O)CO,"InChI=1S/C19H37O10P/c1-3-5-7-8-9-11-19(23)29-17(14-26-18(22)10-6-4-2)15-28-30(24,25)27-13-16(21)12-20/h16-17,20-21H,3-15H2,1-2H3,(H,24,25)/p-1/t16-,17+/m0/s1"
DGG,1-[GLYCEROLYLPHOSPHONYL]-2-[8-(2-HEXYL-CYCLOPROPYL)-OCTANAL-1-YL]-3-[HEXADECANAL-1-YL]-GLYCEROL,CCCCCCCCCCCCCCCC(=O)OC[C@H](COP(=O)(O)OCC(O)CO)OC(=O)CCCCCCC[C@H]1C[C@H]1CCCCCC,"InChI=1S/C39H75O10P/c1-3-5-7-9-10-11-12-13-14-15-16-19-23-27-38(42)46-32-37(33-48-50(44,45)47-31-36(41)30-40)49-39(43)28-24-20-17-18-22-26-35-29-34(35)25-21-8-6-4-2/h34-37,40-41H,3-33H2,1-2H3,(H,44,45)/t34-,35+,36?,37-/m1/s1"
CD4,"(2R,5R,11R,14R)-5,8,11-TRIHYDROXY-5,11-DIOXIDO-17-OXO-2,14-BIS(TETRADECANOYLOXY)-4,6,10,12,16-PENTAOXA-5,11-DIPHOSPHATRIACONT-1-YL TETRADECANOATE",CCCCCCCCCCCCCC(=O)OC[C@H](COP(=O)(O)OCC(O)COP(=O)(O)OC[C@@H](COC(=O)CCCCCCCCCCCCC)OC(=O)CCCCCCCCCCCCC)OC(=O)CCCCCCCCCCCCC,"InChI=1S/C65H126O17P2/c1-5-9-13-17-21-25-29-33-37-41-45-49-62(67)75-55-60(81-64(69)51-47-43-39-35-31-27-23-19-15-11-7-3)57-79-83(71,72)77-53-59(66)54-78-84(73,74)80-58-61(82-65(70)52-48-44-40-36-32-28-24-20-16-12-8-4)56-76-63(68)50-46-42-38-34-30-26-22-18-14-10-6-2/h59-61,66H,5-58H2,1-4H3,(H,71,72)(H,73,74)/t60-,61-/m1/s1"
CN6,"(2R,5R,11S,14R)-2-(BUTANOYLOXY)-5,8,11-TRIHYDROXY-5,11-DIOXIDO-16-OXO-14-[(PROPANOYLOXY)METHYL]-4,6,10,12,15-PENTAOXA-5,11-DIPHOSPHANONADEC-1-YL UNDECANOATE",CCCCCCCCCCC(=O)OC[C@H](COP(=O)(O)OC[C@H](O)COP(=O)(O)OC[C@@H](COC(=O)CC)OC(=O)CCC)OC(=O)CCC,"InChI=1S/C31H58O17P2/c1-5-9-10-11-12-13-14-15-18-29(34)42-22-27(48-31(36)17-7-3)24-46-50(39,40)44-20-25(32)19-43-49(37,38)45-23-26(21-41-28(33)8-4)47-30(35)16-6-2/h25-27,32H,5-24H2,1-4H3,(H,37,38)(H,39,40)/t25-,26-,27-/m1/s1"
CDL,CARDIOLIPIN,CCCCCCCCCCCCCCCCCC(=O)OC[C@H](COP(=O)([O-])OCC(O)COP(=O)([O-])OC[C@@H](COC(=O)CCCCCCCCCCCCCCCCC)OC(=O)CCCCCCCCCCCCCCCCC)OC(=O)CCCCCCCCCCCCCCCCC,"InChI=1S/C81H158O17P2/c1-5-9-13-17-21-25-29-33-37-41-45-49-53-57-61-65-78(83)91-71-76(97-80(85)67-63-59-55-51-47-43-39-35-31-27-23-19-15-11-7-3)73-95-99(87,88)93-69-75(82)70-94-100(89,90)96-74-77(98-81(86)68-64-60-56-52-48-44-40-36-32-28-24-20-16-12-8-4)72-92-79(84)66-62-58-54-50-46-42-38-34-30-26-22-18-14-10-6-2/h75-77,82H,5-74H2,1-4H3,(H,87,88)(H,89,90)/p-2/t76-,77-/m1/s1"
PG8,"1,2-DIOCTANOYL-SN-GLYCERO-3-[PHOSPHO-RAC-(1-GLYCEROL)",CCCCCCCC(=O)OC[C@H](COP(=O)([O-])OC[C@H](O)CO)OC(=O)CCCCCCC,"InChI=1S/C22H43O10P/c1-3-5-7-9-11-13-21(25)29-17-20(32-22(26)14-12-10-8-6-4-2)18-31-33(27,28)30-16-19(24)15-23/h19-20,23-24H,3-18H2,1-2H3,(H,27,28)/p-1/t19-,20-/m1/s1"
MGE,(1S)-2-(ALPHA-L-ALLOPYRANOSYLOXY)-1-[(TRIDECANOYLOXY)METHYL]ETHYL PALMITATE,CCCCCCCCCCCCCCCC(=O)O[C@H](COC(=O)CCCCCCCCCCCC)CO[C@@H]1O[C@@H](CO)[C@H](O)[C@H](O)[C@@H]1O,"InChI=1S/C38H72O10/c1-3-5-7-9-11-13-15-16-17-19-21-23-25-27-34(41)47-31(30-46-38-37(44)36(43)35(42)32(28-39)48-38)29-45-33(40)26-24-22-20-18-14-12-10-8-6-4-2/h31-32,35-39,42-44H,3-30H2,1-2H3/t31-,32+,35+,36+,37+,38-/m1/s1"
DTV,"(2S,3S)-1,4-DIMERCAPTOBUTANE-2,3-DIOL",O[C@H](CS)[C@H](O)CS,"InChI=1S/C4H10O2S2/c5-3(1-7)4(6)2-8/h3-8H,1-2H2/t3-,4-/m1/s1"
L44,(2S)-1-HYDROXY-3-(TETRADECANOYLOXY)PROPAN-2-YL DOCOSANOATE,CCCCCCCCCCCCCCCCCCCCCC(=O)O[C@@H](CO)COC(=O)CCCCCCCCCCCCC,"InChI=1S/C39H76O5/c1-3-5-7-9-11-13-15-16-17-18-19-20-21-22-24-26-28-30-32-34-39(42)44-37(35-40)36-43-38(41)33-31-29-27-25-23-14-12-10-8-6-4-2/h37,40H,3-36H2,1-2H3/t37-/m0/s1"
L2C,(2S)-3-HYDROXY-2-(NONANOYLOXY)PROPYL LAURATE,CCCCCCCCCCCC(=O)OC[C@H](CO)OC(=O)CCCCCCCC,"InChI=1S/C24H46O5/c1-3-5-7-9-11-12-13-15-16-18-23(26)28-21-22(20-25)29-24(27)19-17-14-10-8-6-4-2/h22,25H,3-21H2,1-2H3/t22-/m0/s1"
4AG,"(2R)-3-HYDROXYPROPANE-1,2-DIYL DIHEXADECANOATE",CCCCCCCCCCCCCCCC(=O)OC[C@@H](CO)OC(=O)CCCCCCCCCCCCCCC,"InChI=1S/C35H68O5/c1-3-5-7-9-11-13-15-17-19-21-23-25-27-29-34(37)39-32-33(31-36)40-35(38)30-28-26-24-22-20-18-16-14-12-10-8-6-4-2/h33,36H,3-32H2,1-2H3/t33-/m1/s1"
B3H,(2S)-2-(BUTYRYLOXY)-3-HYDROXYPROPYL NONANOATE,CCCCCCCCC(=O)OC[C@H](CO)OC(=O)CCC,"InChI=1S/C16H30O5/c1-3-5-6-7-8-9-11-15(18)20-13-14(12-17)21-16(19)10-4-2/h14,17H,3-13H2,1-2H3/t14-/m0/s1"
1EM,(1S)-2-HYDROXY-1-[(NONANOYLOXY)METHYL]ETHYL MYRISTATE,CCCCCCCCCCCCCC(=O)O[C@@H](CO)COC(=O)CCCCCCCC,"InChI=1S/C26H50O5/c1-3-5-7-9-11-12-13-14-15-17-19-21-26(29)31-24(22-27)23-30-25(28)20-18-16-10-8-6-4-2/h24,27H,3-23H2,1-2H3/t24-/m0/s1"
DDR,"(2S)-3-HYDROXYPROPANE-1,2-DIYL DIDECANOATE",CCCCCCCCCC(=O)OC[C@H](CO)OC(=O)CCCCCCCCC,"InChI=1S/C23H44O5/c1-3-5-7-9-11-13-15-17-22(25)27-20-21(19-24)28-23(26)18-16-14-12-10-8-6-4-2/h21,24H,3-20H2,1-2H3/t21-/m0/s1"
CNS,HEXADECYL OCTANOATE,CCCCCCCCCCCCCCCCOC(=O)CCCCCCC,"InChI=1S/C24H48O2/c1-3-5-7-9-10-11-12-13-14-15-16-17-19-21-23-26-24(25)22-20-18-8-6-4-2/h3-23H2,1-2H3"
PC7,"(7S)-4-HYDROXY-N,N,N-TRIMETHYL-9-OXO-7-[(PALMITOYLOXY)METHYL]-3,5,8-TRIOXA-4-PHOSPHAHEXACOSAN-1-AMINIUM 4-OXIDE",CCCCCCCCCCCCCCCCCC(=O)O[C@@H](COC(=O)CCCCCCCCCCCCCCC)COP(=O)(O)OCC[N+](C)(C)C,"InChI=1S/C42H84NO8P/c1-6-8-10-12-14-16-18-20-21-23-25-27-29-31-33-35-42(45)51-40(39-50-52(46,47)49-37-36-43(3,4)5)38-48-41(44)34-32-30-28-26-24-22-19-17-15-13-11-9-7-2/h40H,6-39H2,1-5H3/p+1/t40-/m0/s1"
HGP,(1-HEXADECANOYL-2-TETRADECANOYL-GLYCEROL-3-YL) PHOSPHONYL CHOLINE,CCCCCCCCCCCCCCCC(=O)OC[C@H](COP(=O)(O)OCC[N+](C)(C)C)OC(=O)CCCCCCCCCCCCC,"InChI=1S/C38H76NO8P/c1-6-8-10-12-14-16-18-19-21-22-24-26-28-30-37(40)44-34-36(35-46-48(42,43)45-33-32-39(3,4)5)47-38(41)31-29-27-25-23-20-17-15-13-11-9-7-2/h36H,6-35H2,1-5H3/p+1/t36-/m1/s1"
PC8,"1,2-DIOCTANOYL-SN-GLYCERO-3-PHOSPHOCHOLINE",CCCCCCCC(=O)OC[C@H](COP(=O)(O)OCC[N+](C)(C)C)OC(=O)CCCCCCC,"InChI=1S/C24H48NO8P/c1-6-8-10-12-14-16-23(26)30-20-22(33-24(27)17-15-13-11-9-7-2)21-32-34(28,29)31-19-18-25(3,4)5/h22H,6-21H2,1-5H3/p+1/t22-/m1/s1"
HGX,1-HEPTADECANOYL-2-TRIDECANOYL-3-GLYCEROL-PHOSPHONYL CHOLINE,CCCCCCCCCCCCCCCCC(=O)O[C@H](COC(=O)CCCCCCCCCCCC)COP(=O)(O)OCC[N+](C)(C)C,"InChI=1S/C38H76NO8P/c1-6-8-10-12-14-16-18-19-20-21-23-25-27-29-31-38(41)47-36(35-46-48(42,43)45-33-32-39(3,4)5)34-44-37(40)30-28-26-24-22-17-15-13-11-9-7-2/h36H,6-35H2,1-5H3/p+1/t36-/m1/s1"
LIO,[1-PENTADECANOYL-2-DECANOYL-GLYCEROL-3-YL]PHOSPHONYL CHOLINE,CCCCCCCCCCCCCCC(=O)OC[C@H](COP(=O)(O)OCC[N+](C)(C)C)OC(=O)CCCCCCCCC,"InChI=1S/C33H66NO8P/c1-6-8-10-12-14-15-16-17-18-20-21-23-25-32(35)39-29-31(30-41-43(37,38)40-28-27-34(3,4)5)42-33(36)26-24-22-19-13-11-9-7-2/h31H,6-30H2,1-5H3/p+1/t31-/m1/s1"
PLD,DI-HENEICOSANOYL PHOSPHATIDYL CHOLINE,CCCCCCCCCCCCCCCCCCCCC(=O)OC[C@H](COP(=O)(O)OCC[N+](C)(C)C)OC(=O)CCCCCCCCCCCCCCCCCCCC,"InChI=1S/C50H100NO8P/c1-6-8-10-12-14-16-18-20-22-24-26-28-30-32-34-36-38-40-42-49(52)56-46-48(47-58-60(54,55)57-45-44-51(3,4)5)59-50(53)43-41-39-37-35-33-31-29-27-25-23-21-19-17-15-13-11-9-7-2/h48H,6-47H2,1-5H3/p+1/t48-/m1/s1"
PCF,"1,2-DIACYL-SN-GLYCERO-3-PHOSHOCHOLINE",CCCCCCCCCCCCCCCC(=O)OC[C@H](COP(=O)([O-])OCC[N+](C)(C)C)OC(=O)CCCCCCCCCCCCCCC,"InChI=1S/C40H80NO8P/c1-6-8-10-12-14-16-18-20-22-24-26-28-30-32-39(42)46-36-38(37-48-50(44,45)47-35-34-41(3,4)5)49-40(43)33-31-29-27-25-23-21-19-17-15-13-11-9-7-2/h38H,6-37H2,1-5H3/t38-/m1/s1"
MC3,"1,2-DIMYRISTOYL-RAC-GLYCERO-3-PHOSPHOCHOLINE",CCCCCCCCCCCCCC(=O)OC[C@H](COP(=O)([O-])OCC[N+](C)(C)C)OC(=O)CCCCCCCCCCCCC,"InChI=1S/C36H72NO8P/c1-6-8-10-12-14-16-18-20-22-24-26-28-35(38)42-32-34(33-44-46(40,41)43-31-30-37(3,4)5)45-36(39)29-27-25-23-21-19-17-15-13-11-9-7-2/h34H,6-33H2,1-5H3/t34-/m1/s1"
P1O,"1,2-DIDECANOYL-SN-GLYCERO-3-PHOSPHOCHOLINE",CCCCCCCCCC(=O)OC[C@H](COP(=O)(O)OCC[N+](C)(C)C)OC(=O)CCCCCCCCC,"InChI=1S/C28H56NO8P/c1-6-8-10-12-14-16-18-20-27(30)34-24-26(25-36-38(32,33)35-23-22-29(3,4)5)37-28(31)21-19-17-15-13-11-9-7-2/h26H,6-25H2,1-5H3/p+1/t26-/m1/s1"
PLC,DIUNDECYL PHOSPHATIDYL CHOLINE,CCCCCCCCCCCC(=O)OC[C@H](COP(=O)(O)OCC[N+](C)(C)C)OC(=O)CCCCCCCCCCC,"InChI=1S/C32H64NO8P/c1-6-8-10-12-14-16-18-20-22-24-31(34)38-28-30(29-40-42(36,37)39-27-26-33(3,4)5)41-32(35)25-23-21-19-17-15-13-11-9-7-2/h30H,6-29H2,1-5H3/p+1/t30-/m1/s1"
PC6,"7-[(DODECANOYLOXY)METHYL]-4-HYDROXY-N,N,N-TRIMETHYL-9-OXO-3,5,8-TRIOXA-4-PHOSPHADOTRIACONTAN-1-AMINIUM 4-OXIDE",CCCCCCCCCCCCCCCCCCCCCCCCC(=O)O[C@H](COC(=O)CCCCCCCCCCC)COP(=O)([O-])OCC[N+](C)(C)C,"InChI=1S/C45H90NO8P/c1-6-8-10-12-14-16-17-18-19-20-21-22-23-24-25-26-27-28-30-32-34-36-38-45(48)54-43(42-53-55(49,50)52-40-39-46(3,4)5)41-51-44(47)37-35-33-31-29-15-13-11-9-7-2/h43H,6-42H2,1-5H3/t43-/m1/s1"
HSH,OCTYL BETA-D-GALACTOPYRANOSIDE,CCCCCCCCO[C@@H]1O[C@H](CO)[C@H](O)[C@H](O)[C@H]1O,"InChI=1S/C14H28O6/c1-2-3-4-5-6-7-8-19-14-13(18)12(17)11(16)10(9-15)20-14/h10-18H,2-9H2,1H3/t10-,11+,12+,13-,14-/m1/s1"
BXC,"(3R,7R,11R)-3,7,11,15-TETRAMETHYLHEXADECYL ALPHA-D-RIBOPYRANOSIDE",CC(C)CCC[C@@H](C)CCC[C@@H](C)CCC[C@@H](C)CCO[C@H]1OC[C@@H](O)[C@@H](O)[C@H]1O,"InChI=1S/C25H50O5/c1-18(2)9-6-10-19(3)11-7-12-20(4)13-8-14-21(5)15-16-29-25-24(28)23(27)22(26)17-30-25/h18-28H,6-17H2,1-5H3/t19-,20-,21-,22-,23-,24-,25+/m1/s1"
HSG,OCTYL ALPHA-L-ALTROPYRANOSIDE,CCCCCCCCO[C@@H]1O[C@@H](CO)[C@H](O)[C@H](O)[C@H]1O,"InChI=1S/C14H28O6/c1-2-3-4-5-6-7-8-19-14-13(18)12(17)11(16)10(9-15)20-14/h10-18H,2-9H2,1H3/t10-,11-,12-,13+,14+/m0/s1"
DPG,"PHOSPHORIC ACID 2,3-BIS-(3,7,11,15-TETRAMETHYL-HEXADECYLOXY)-PROPYL ESTER 2-HYDROXO-3-PHOSPHONOOXY-PROPYL ESTER",CC(C)CCC[C@H](C)CCC[C@@H](C)CCC[C@H](C)CCOC[C@H](COP(=O)(O)OC[C@@H](O)COP(=O)(O)O)OCC[C@@H](C)CCC[C@H](C)CCC[C@@H](C)CCCC(C)C,"InChI=1S/C46H96O11P2/c1-37(2)17-11-19-39(5)21-13-23-41(7)25-15-27-43(9)29-31-53-35-46(36-57-59(51,52)56-34-45(47)33-55-58(48,49)50)54-32-30-44(10)28-16-26-42(8)24-14-22-40(6)20-12-18-38(3)4/h37-47H,11-36H2,1-10H3,(H,51,52)(H2,48,49,50)/t39-,40-,41+,42+,43-,44-,45-,46+/m0/s1"
2DP,"3-[[3-METHYLPHOSPHONO-GLYCEROLYL]PHOSPHONYL]-[1,2-DI[2,6,10,14-TETRAMETHYL-HEXADECAN-16-YL]GLYCEROL",COP(=O)(O)OC[C@H](O)COP(=O)(O)OC[C@@H](COCC[C@@H](C)CCCC(C)CCCC(C)CCCC(C)C)OCC[C@@H](C)CCC[C@H](C)CCC[C@@H](C)CCCC(C)C,"InChI=1S/C47H98O11P2/c1-38(2)18-12-20-40(5)22-14-24-42(7)26-16-28-44(9)30-32-54-36-47(37-58-60(51,52)57-35-46(48)34-56-59(49,50)53-11)55-33-31-45(10)29-17-27-43(8)25-15-23-41(6)21-13-19-39(3)4/h38-48H,12-37H2,1-11H3,(H,49,50)(H,51,52)/t40?,41-,42?,43+,44-,45-,46-,47+/m0/s1"
POV,(2S)-3-(HEXADECANOYLOXY)-2-[(9Z)-OCTADEC-9-ENOYLOXY]PROPYL 2-(TRIMETHYLAMMONIO)ETHYL PHOSPHATE,CCCCCCCC/C=C\CCCCCCCC(=O)O[C@@H](COC(=O)CCCCCCCCCCCCCCC)COP(=O)([O-])OCC[N+](C)(C)C,"InChI=1S/C42H82NO8P/c1-6-8-10-12-14-16-18-20-21-23-25-27-29-31-33-35-42(45)51-40(39-50-52(46,47)49-37-36-43(3,4)5)38-48-41(44)34-32-30-28-26-24-22-19-17-15-13-11-9-7-2/h20-21,40H,6-19,22-39H2,1-5H3/b21-20-/t40-/m0/s1"
PCW,"1,2-DIOLEOYL-SN-GLYCERO-3-PHOSPHOCHOLINE",CCCCCCCC/C=C\CCCCCCCC(=O)OC[C@H](COP(=O)(O)OCC[N+](C)(C)C)OC(=O)CCCCCCC/C=C\CCCCCCCC,"InChI=1S/C44H84NO8P/c1-6-8-10-12-14-16-18-20-22-24-26-28-30-32-34-36-43(46)50-40-42(41-52-54(48,49)51-39-38-45(3,4)5)53-44(47)37-35-33-31-29-27-25-23-21-19-17-15-13-11-9-7-2/h20-23,42H,6-19,24-41H2,1-5H3/p+1/b22-20-,23-21-/t42-/m1/s1"
GVT,"3,6,9,12,15,18,21,24,27-NONAOXAHEPTATRIACONTAN-1-OL",CCCCCCCCCCOCCOCCOCCOCCOCCOCCOCCOCCOCCO,"InChI=1S/C28H58O10/c1-2-3-4-5-6-7-8-9-11-30-13-15-32-17-19-34-21-23-36-25-27-38-28-26-37-24-22-35-20-18-33-16-14-31-12-10-29/h29H,2-28H2,1H3"
CE9,DODECYL NONA ETHYLENE GLYCOL ETHER,CCCCCCCCCCCCOCCOCCOCCOCCOCCOCCOCCOCCOCCO,"InChI=1S/C30H62O10/c1-2-3-4-5-6-7-8-9-10-11-13-32-15-17-34-19-21-36-23-25-38-27-29-40-30-28-39-26-24-37-22-20-35-18-16-33-14-12-31/h31H,2-30H2,1H3"
CXE,PENTAETHYLENE GLYCOL MONODECYL ETHER,CCCCCCCCCCOCCOCCOCCOCCOCCO,"InChI=1S/C20H42O6/c1-2-3-4-5-6-7-8-9-11-22-13-15-24-17-19-26-20-18-25-16-14-23-12-10-21/h21H,2-20H2,1H3"
C10,HEXAETHYLENE GLYCOL MONODECYL ETHER,CCCCCCCCCCOCCOCCOCCOCCOCCOCCO,"InChI=1S/C22H46O7/c1-2-3-4-5-6-7-8-9-11-24-13-15-26-17-19-28-21-22-29-20-18-27-16-14-25-12-10-23/h23H,2-22H2,1H3"
CE1,O-DODECANYL OCTAETHYLENE GLYCOL,CCCCCCCCCCCCOCCOCCOCCOCCOCCOCCOCCOCCO,"InChI=1S/C28H58O9/c1-2-3-4-5-6-7-8-9-10-11-13-30-15-17-32-19-21-34-23-25-36-27-28-37-26-24-35-22-20-33-18-16-31-14-12-29/h29H,2-28H2,1H3"
SPJ,"(3R,3'R)-N~1~,N~1~'-BUTANE-1,4-DIYLDIBUTANE-1,3-DIAMINE",C[C@@H](N)CCNCCCCNCC[C@@H](C)N,"InChI=1S/C12H30N4/c1-11(13)5-9-15-7-3-4-8-16-10-6-12(2)14/h11-12,15-16H,3-10,13-14H2,1-2H3/t11-,12-/m1/s1"
SPZ,"(3S,3'S)-N~1~,N~1~'-BUTANE-1,4-DIYLDIBUTANE-1,3-DIAMINE",C[C@H](N)CCNCCCCNCC[C@H](C)N,"InChI=1S/C12H30N4/c1-11(13)5-9-15-7-3-4-8-16-10-6-12(2)14/h11-12,15-16H,3-10,13-14H2,1-2H3/t11-,12-/m0/s1"
SPK,SPERMINE (FULLY PROTONATED FORM),[NH3+]CCC[NH2+]CCCC[NH2+]CCC[NH3+],"InChI=1S/C10H26N4/c11-5-3-9-13-7-1-2-8-14-10-4-6-12/h13-14H,1-12H2/p+4"
SPW,"N,N'-BIS(3-AMMONIOPROPYL)BUTANE-1,4-DIAMINIUM",[2H][N+]([2H])([2H])CCC[N+]([2H])([2H])CCCC[N+]([2H])([2H])CCC[N+]([2H])([2H])[2H],"InChI=1S/C10H26N4/c11-5-3-9-13-7-1-2-8-14-10-4-6-12/h13-14H,1-12H2/p+4/i/hD10"
HT3,"(2R,3S)-HEPTANE-1,2,3-TRIOL",CCCC[C@H](O)[C@H](O)CO,"InChI=1S/C7H16O3/c1-2-3-4-6(9)7(10)5-8/h6-10H,2-5H2,1H3/t6-,7+/m0/s1"
HTH,"(2S,3R)-HEPTANE-1,2,3-TRIOL",CCCC[C@@H](O)[C@@H](O)CO,"InChI=1S/C7H16O3/c1-2-3-4-6(9)7(10)5-8/h6-10H,2-5H2,1H3/t6-,7+/m1/s1"
2OP,(2S)-2-HYDROXYPROPANOIC ACID,C[C@H](O)C(=O)O,"InChI=1S/C3H6O3/c1-2(4)3(5)6/h2,4H,1H3,(H,5,6)/t2-/m0/s1"
DET,"UNDECYLAMINE-N,N-DIMETHYL-N-OXIDE",CCCCCCCCCCC[N+](C)(C)[O-],"InChI=1S/C13H29NO/c1-4-5-6-7-8-9-10-11-12-13-14(2,3)15/h4-13H2,1-3H3"
D1D,"(4S,5S)-1,2-DITHIANE-4,5-DIOL",O[C@@H]1CSSC[C@H]1O,"InChI=1S/C4H8O2S2/c5-3-1-7-8-2-4(3)6/h3-6H,1-2H2/t3-,4-/m1/s1"
SOG,OCTYL 1-THIO-BETA-D-GLUCOPYRANOSIDE,CCCCCCCCS[C@@H]1O[C@H](CO)[C@@H](O)[C@H](O)[C@H]1O,"InChI=1S/C14H28O5S/c1-2-3-4-5-6-7-8-20-14-13(18)12(17)11(16)10(9-15)19-14/h10-18H,2-9H2,1H3/t10-,11-,12+,13-,14+/m1/s1"
BCT,BICARBONATE ION,O=C([O-])O,"InChI=1S/CH2O3/c2-1(3)4/h(H2,2,3,4)/p-1"
MUR,BETA-MURAMIC ACID,C[C@@H](O[C@@H]1[C@@H](N)[C@H](O)O[C@H](CO)[C@H]1O)C(=O)O,"InChI=1S/C9H17NO7/c1-3(8(13)14)16-7-5(10)9(15)17-4(2-11)6(7)12/h3-7,9,11-12,15H,2,10H2,1H3,(H,13,14)/t3-,4-,5-,6-,7-,9-/m1/s1"
ACT,ACETATE ION,CC(=O)[O-],"InChI=1S/C2H4O2/c1-2(3)4/h1H3,(H,3,4)/p-1"
GOL,GLYCEROL,OCC(O)CO,"InChI=1S/C3H8O3/c4-1-3(6)2-5/h3-6H,1-2H2"
